docs/evidence/m0/review/before-cache-exclusion-cli-smoke.log:20: trailing whitespace.
+ generating static routes 
docs/evidence/m0/review/before-cache-exclusion-cli-smoke.log:21: trailing whitespace.
+17:54:56   ├─ /404.html (+13ms) 
docs/evidence/m0/review/before-cache-exclusion-cli-smoke.log:22: trailing whitespace.
+17:54:56   ├─ /fixtures/math/index.html (+46ms) 
docs/evidence/m0/review/before-cache-exclusion-cli-smoke.log:23: trailing whitespace.
+17:54:56   ├─ /start/index.html (+7ms) 
docs/evidence/m0/review/before-cache-exclusion-cli-smoke.log:24: trailing whitespace.
+17:54:56   ├─ /index.html (+6ms) 
docs/evidence/m0/review/before-cache-exclusion-cli-smoke.log:56: new blank line at EOF.
docs/evidence/m0/review/before-cache-exclusion-verification-approved.log:15: trailing whitespace.
+Result (28 files): 
docs/evidence/m0/review/before-cache-exclusion-verification-approved.log:87: trailing whitespace.
+ generating static routes 
docs/evidence/m0/review/before-cache-exclusion-verification-approved.log:88: trailing whitespace.
+17:48:34   ├─ /404.html (+11ms) 
docs/evidence/m0/review/before-cache-exclusion-verification-approved.log:89: trailing whitespace.
+17:48:34   ├─ /fixtures/math/index.html (+28ms) 
docs/evidence/m0/review/before-cache-exclusion-verification-approved.log:90: trailing whitespace.
+17:48:34   ├─ /start/index.html (+7ms) 
docs/evidence/m0/review/before-cache-exclusion-verification-approved.log:91: trailing whitespace.
+17:48:34   ├─ /index.html (+6ms) 
docs/evidence/m0/review/before-cache-exclusion-verification-approved.log:143: trailing whitespace.
+ generating static routes 
docs/evidence/m0/review/before-cache-exclusion-verification-approved.log:144: trailing whitespace.
+17:48:41   ├─ /404.html (+15ms) 
docs/evidence/m0/review/before-cache-exclusion-verification-approved.log:145: trailing whitespace.
+17:48:41   ├─ /fixtures/math/index.html (+30ms) 
docs/evidence/m0/review/before-cache-exclusion-verification-approved.log:146: trailing whitespace.
+17:48:41   ├─ /start/index.html (+7ms) 
docs/evidence/m0/review/before-cache-exclusion-verification-approved.log:147: trailing whitespace.
+17:48:41   ├─ /index.html (+6ms) 
docs/evidence/m0/review/cli-smoke.log:20: trailing whitespace.
+ generating static routes 
docs/evidence/m0/review/cli-smoke.log:21: trailing whitespace.
+18:02:27   ├─ /404.html (+10ms) 
docs/evidence/m0/review/cli-smoke.log:22: trailing whitespace.
+18:02:27   ├─ /fixtures/math/index.html (+21ms) 
docs/evidence/m0/review/cli-smoke.log:23: trailing whitespace.
+18:02:27   ├─ /start/index.html (+5ms) 
docs/evidence/m0/review/cli-smoke.log:24: trailing whitespace.
+18:02:27   ├─ /index.html (+7ms) 
docs/evidence/m0/review/cli-smoke.log:56: new blank line at EOF.
docs/evidence/m0/review/first-check-verification-approved.log:23: trailing whitespace.
+Result (28 files): 
docs/evidence/m0/review/first-check-verification-approved.log:27: new blank line at EOF.
docs/evidence/m0/review/first-contract-verification-approved.log:15: trailing whitespace.
+Result (28 files): 
docs/evidence/m0/review/first-contract-verification-approved.log:73: trailing whitespace.
+  
docs/evidence/m0/review/first-contract-verification-approved.log:77: trailing whitespace.
+  
docs/evidence/m0/review/first-output-verification-final.log:51: trailing whitespace.
+ generating static routes 
docs/evidence/m0/review/first-output-verification-final.log:52: trailing whitespace.
+16:24:41   ├─ /404.html (+13ms) 
docs/evidence/m0/review/first-output-verification-final.log:53: trailing whitespace.
+16:24:41   ├─ /fixtures/math/index.html (+101ms) 
docs/evidence/m0/review/first-output-verification-final.log:54: trailing whitespace.
+16:24:41   ├─ /start/index.html (+7ms) 
docs/evidence/m0/review/first-output-verification-final.log:55: trailing whitespace.
+16:24:41   ├─ /index.html (+10ms) 
docs/evidence/m0/review/first-output-verification-final.log:104: trailing whitespace.
+ generating static routes 
docs/evidence/m0/review/first-output-verification-final.log:105: trailing whitespace.
+16:24:53   ├─ /404.html (+35ms) 
docs/evidence/m0/review/first-output-verification-final.log:106: trailing whitespace.
+16:24:53   ├─ /fixtures/math/index.html (+93ms) 
docs/evidence/m0/review/first-output-verification-final.log:107: trailing whitespace.
+16:24:54   ├─ /start/index.html (+6ms) 
docs/evidence/m0/review/first-output-verification-final.log:108: trailing whitespace.
+16:24:54   ├─ /index.html (+4ms) 
docs/evidence/m0/review/svg-check-verification-approved.log:23: trailing whitespace.
+Result (28 files): 
docs/evidence/m0/review/svg-check-verification-approved.log:27: new blank line at EOF.
docs/evidence/m0/review/verification-approved.log:15: trailing whitespace.
+Result (28 files): 
docs/evidence/m0/review/verification-approved.log:87: trailing whitespace.
+ generating static routes 
docs/evidence/m0/review/verification-approved.log:88: trailing whitespace.
+18:01:46   ├─ /404.html (+15ms) 
docs/evidence/m0/review/verification-approved.log:89: trailing whitespace.
+18:01:46   ├─ /fixtures/math/index.html (+32ms) 
docs/evidence/m0/review/verification-approved.log:90: trailing whitespace.
+18:01:46   ├─ /start/index.html (+6ms) 
docs/evidence/m0/review/verification-approved.log:91: trailing whitespace.
+18:01:46   ├─ /index.html (+7ms) 
docs/evidence/m0/review/verification-approved.log:143: trailing whitespace.
+ generating static routes 
docs/evidence/m0/review/verification-approved.log:144: trailing whitespace.
+18:01:54   ├─ /404.html (+10ms) 
docs/evidence/m0/review/verification-approved.log:145: trailing whitespace.
+18:01:54   ├─ /fixtures/math/index.html (+22ms) 
docs/evidence/m0/review/verification-approved.log:146: trailing whitespace.
+18:01:54   ├─ /start/index.html (+5ms) 
docs/evidence/m0/review/verification-approved.log:147: trailing whitespace.
+18:01:54   ├─ /index.html (+7ms) 
docs/evidence/m0/review/verification-final.log:51: trailing whitespace.
+ generating static routes 
docs/evidence/m0/review/verification-final.log:52: trailing whitespace.
+16:24:41   ├─ /404.html (+13ms) 
docs/evidence/m0/review/verification-final.log:53: trailing whitespace.
+16:24:41   ├─ /fixtures/math/index.html (+101ms) 
docs/evidence/m0/review/verification-final.log:54: trailing whitespace.
+16:24:41   ├─ /start/index.html (+7ms) 
docs/evidence/m0/review/verification-final.log:55: trailing whitespace.
+16:24:41   ├─ /index.html (+10ms) 
docs/evidence/m0/review/verification-final.log:104: trailing whitespace.
+ generating static routes 
docs/evidence/m0/review/verification-final.log:105: trailing whitespace.
+16:24:53   ├─ /404.html (+35ms) 
docs/evidence/m0/review/verification-final.log:106: trailing whitespace.
+16:24:53   ├─ /fixtures/math/index.html (+93ms) 
docs/evidence/m0/review/verification-final.log:107: trailing whitespace.
+16:24:54   ├─ /start/index.html (+6ms) 
docs/evidence/m0/review/verification-final.log:108: trailing whitespace.
+16:24:54   ├─ /index.html (+4ms) 
docs/evidence/m1/before-final-navigation/verification-approved.log:15: trailing whitespace.
+Result (39 files): 
docs/evidence/m1/before-final-navigation/verification-approved.log:112: trailing whitespace.
+ generating static routes 
docs/evidence/m1/before-final-navigation/verification-approved.log:113: trailing whitespace.
+19:30:50   ├─ /404.html (+16ms) 
docs/evidence/m1/before-final-navigation/verification-approved.log:114: trailing whitespace.
+19:30:50   ├─ /claims/UT-D01/index.html (+175ms) 
docs/evidence/m1/before-final-navigation/verification-approved.log:115: trailing whitespace.
+19:30:50   ├─ /claims/UT-D02/index.html (+141ms) 
docs/evidence/m1/before-final-navigation/verification-approved.log:116: trailing whitespace.
+19:30:50   ├─ /claims/UT-D03/index.html (+185ms) 
docs/evidence/m1/before-final-navigation/verification-approved.log:117: trailing whitespace.
+19:30:50   ├─ /claims/UT-D04/index.html (+119ms) 
docs/evidence/m1/before-final-navigation/verification-approved.log:118: trailing whitespace.
+19:30:50   ├─ /claims/UT-D05/index.html (+117ms) 
docs/evidence/m1/before-final-navigation/verification-approved.log:119: trailing whitespace.
+19:30:50   ├─ /claims/UT-D06/index.html (+102ms) 
docs/evidence/m1/before-final-navigation/verification-approved.log:120: trailing whitespace.
+19:30:50   ├─ /claims/UT-D07/index.html (+102ms) 
docs/evidence/m1/before-final-navigation/verification-approved.log:121: trailing whitespace.
+19:30:50   ├─ /claims/UT-D08/index.html (+140ms) 
docs/evidence/m1/before-final-navigation/verification-approved.log:122: trailing whitespace.
+19:30:51   ├─ /claims/UT-D09/index.html (+148ms) 
docs/evidence/m1/before-final-navigation/verification-approved.log:123: trailing whitespace.
+19:30:51   ├─ /claims/UT-C01/index.html (+149ms) 
docs/evidence/m1/before-final-navigation/verification-approved.log:124: trailing whitespace.
+19:30:51   ├─ /claims/UT-C02/index.html (+155ms) 
docs/evidence/m1/before-final-navigation/verification-approved.log:125: trailing whitespace.
+19:30:51   ├─ /claims/UT-O01/index.html (+122ms) 
docs/evidence/m1/before-final-navigation/verification-approved.log:126: trailing whitespace.
+19:30:51   ├─ /claims/UT-O02/index.html (+114ms) 
docs/evidence/m1/before-final-navigation/verification-approved.log:127: trailing whitespace.
+19:30:51   ├─ /claims/UT-O03/index.html (+133ms) 
docs/evidence/m1/before-final-navigation/verification-approved.log:128: trailing whitespace.
+19:30:51   ├─ /claims/UT-O04/index.html (+132ms) 
docs/evidence/m1/before-final-navigation/verification-approved.log:129: trailing whitespace.
+19:30:52   ├─ /claims/UT-O05/index.html (+131ms) 
docs/evidence/m1/before-final-navigation/verification-approved.log:130: trailing whitespace.
+19:30:52   ├─ /claims/UT-O06/index.html (+119ms) 
docs/evidence/m1/before-final-navigation/verification-approved.log:131: trailing whitespace.
+19:30:52   ├─ /claims/UT-E01/index.html (+129ms) 
docs/evidence/m1/before-final-navigation/verification-approved.log:132: trailing whitespace.
+19:30:52   ├─ /claims/UT-E02/index.html (+201ms) 
docs/evidence/m1/before-final-navigation/verification-approved.log:133: trailing whitespace.
+19:30:52   ├─ /claims/UT-E03/index.html (+105ms) 
docs/evidence/m1/before-final-navigation/verification-approved.log:134: trailing whitespace.
+19:30:52   ├─ /claims/UT-E04/index.html (+96ms) 
docs/evidence/m1/before-final-navigation/verification-approved.log:135: trailing whitespace.
+19:30:52   ├─ /claims/UT-E05/index.html (+122ms) 
docs/evidence/m1/before-final-navigation/verification-approved.log:136: trailing whitespace.
+19:30:52   ├─ /claims/UT-E06/index.html (+97ms) 
docs/evidence/m1/before-final-navigation/verification-approved.log:137: trailing whitespace.
+19:30:53   ├─ /claims/UT-E07/index.html (+110ms) 
docs/evidence/m1/before-final-navigation/verification-approved.log:138: trailing whitespace.
+19:30:53   ├─ /claims/UT-E08/index.html (+128ms) 
docs/evidence/m1/before-final-navigation/verification-approved.log:139: trailing whitespace.
+19:30:53   ├─ /claims/UT-E09/index.html (+115ms) 
docs/evidence/m1/before-final-navigation/verification-approved.log:140: trailing whitespace.
+19:30:53   ├─ /claims/UT-E10/index.html (+108ms) 
docs/evidence/m1/before-final-navigation/verification-approved.log:141: trailing whitespace.
+19:30:53   ├─ /claims/UT-E11/index.html (+119ms) 
docs/evidence/m1/before-final-navigation/verification-approved.log:142: trailing whitespace.
+19:30:53   ├─ /claims/UT-E12/index.html (+159ms) 
docs/evidence/m1/before-final-navigation/verification-approved.log:143: trailing whitespace.
+19:30:53   ├─ /fixtures/math/index.html (+11ms) 
docs/evidence/m1/before-final-navigation/verification-approved.log:144: trailing whitespace.
+19:30:53   ├─ /references/index.html (+125ms) 
docs/evidence/m1/before-final-navigation/verification-approved.log:145: trailing whitespace.
+19:30:53   ├─ /start/index.html (+145ms) 
docs/evidence/m1/before-final-navigation/verification-approved.log:146: trailing whitespace.
+19:30:54   ├─ /index.html (+182ms) 
docs/evidence/m1/before-final-navigation/verification-approved.log:147: trailing whitespace.
+19:30:54   ├─ /research-status/index.html (+160ms) 
docs/evidence/m1/before-final-navigation/verification-approved.log:148: trailing whitespace.
+19:30:54   ├─ /research-status/proof-matrix/index.html (+129ms) 
docs/evidence/m1/before-final-navigation/verification-approved.log:149: trailing whitespace.
+19:30:54   ├─ /concepts/geometry-and-modes/index.html (+227ms) 
docs/evidence/m1/before-final-navigation/verification-approved.log:203: trailing whitespace.
+ generating static routes 
docs/evidence/m1/before-final-navigation/verification-approved.log:204: trailing whitespace.
+19:31:14   ├─ /404.html (+65ms) 
docs/evidence/m1/before-final-navigation/verification-approved.log:205: trailing whitespace.
+19:31:14   ├─ /claims/UT-D01/index.html (+205ms) 
docs/evidence/m1/before-final-navigation/verification-approved.log:206: trailing whitespace.
+19:31:14   ├─ /claims/UT-D02/index.html (+223ms) 
docs/evidence/m1/before-final-navigation/verification-approved.log:207: trailing whitespace.
+19:31:14   ├─ /claims/UT-D03/index.html (+170ms) 
docs/evidence/m1/before-final-navigation/verification-approved.log:208: trailing whitespace.
+19:31:14   ├─ /claims/UT-D04/index.html (+148ms) 
docs/evidence/m1/before-final-navigation/verification-approved.log:209: trailing whitespace.
+19:31:14   ├─ /claims/UT-D05/index.html (+105ms) 
docs/evidence/m1/before-final-navigation/verification-approved.log:210: trailing whitespace.
+19:31:15   ├─ /claims/UT-D06/index.html (+177ms) 
docs/evidence/m1/before-final-navigation/verification-approved.log:211: trailing whitespace.
+19:31:15   ├─ /claims/UT-D07/index.html (+90ms) 
docs/evidence/m1/before-final-navigation/verification-approved.log:212: trailing whitespace.
+19:31:15   ├─ /claims/UT-D08/index.html (+132ms) 
docs/evidence/m1/before-final-navigation/verification-approved.log:213: trailing whitespace.
+19:31:15   ├─ /claims/UT-D09/index.html (+133ms) 
docs/evidence/m1/before-final-navigation/verification-approved.log:214: trailing whitespace.
+19:31:15   ├─ /claims/UT-C01/index.html (+125ms) 
docs/evidence/m1/before-final-navigation/verification-approved.log:215: trailing whitespace.
+19:31:15   ├─ /claims/UT-C02/index.html (+138ms) 
docs/evidence/m1/before-final-navigation/verification-approved.log:216: trailing whitespace.
+19:31:15   ├─ /claims/UT-O01/index.html (+129ms) 
docs/evidence/m1/before-final-navigation/verification-approved.log:217: trailing whitespace.
+19:31:15   ├─ /claims/UT-O02/index.html (+102ms) 
docs/evidence/m1/before-final-navigation/verification-approved.log:218: trailing whitespace.
+19:31:16   ├─ /claims/UT-O03/index.html (+174ms) 
docs/evidence/m1/before-final-navigation/verification-approved.log:219: trailing whitespace.
+19:31:16   ├─ /claims/UT-O04/index.html (+108ms) 
docs/evidence/m1/before-final-navigation/verification-approved.log:220: trailing whitespace.
+19:31:16   ├─ /claims/UT-O05/index.html (+144ms) 
docs/evidence/m1/before-final-navigation/verification-approved.log:221: trailing whitespace.
+19:31:16   ├─ /claims/UT-O06/index.html (+105ms) 
docs/evidence/m1/before-final-navigation/verification-approved.log:222: trailing whitespace.
+19:31:16   ├─ /claims/UT-E01/index.html (+93ms) 
docs/evidence/m1/before-final-navigation/verification-approved.log:223: trailing whitespace.
+19:31:16   ├─ /claims/UT-E02/index.html (+146ms) 
docs/evidence/m1/before-final-navigation/verification-approved.log:224: trailing whitespace.
+19:31:16   ├─ /claims/UT-E03/index.html (+201ms) 
docs/evidence/m1/before-final-navigation/verification-approved.log:225: trailing whitespace.
+19:31:17   ├─ /claims/UT-E04/index.html (+103ms) 
docs/evidence/m1/before-final-navigation/verification-approved.log:226: trailing whitespace.
+19:31:17   ├─ /claims/UT-E05/index.html (+146ms) 
docs/evidence/m1/before-final-navigation/verification-approved.log:227: trailing whitespace.
+19:31:17   ├─ /claims/UT-E06/index.html (+200ms) 
docs/evidence/m1/before-final-navigation/verification-approved.log:228: trailing whitespace.
+19:31:17   ├─ /claims/UT-E07/index.html (+123ms) 
docs/evidence/m1/before-final-navigation/verification-approved.log:229: trailing whitespace.
+19:31:17   ├─ /claims/UT-E08/index.html (+177ms) 
docs/evidence/m1/before-final-navigation/verification-approved.log:230: trailing whitespace.
+19:31:17   ├─ /claims/UT-E09/index.html (+165ms) 
docs/evidence/m1/before-final-navigation/verification-approved.log:231: trailing whitespace.
+19:31:17   ├─ /claims/UT-E10/index.html (+156ms) 
docs/evidence/m1/before-final-navigation/verification-approved.log:232: trailing whitespace.
+19:31:18   ├─ /claims/UT-E11/index.html (+107ms) 
docs/evidence/m1/before-final-navigation/verification-approved.log:233: trailing whitespace.
+19:31:18   ├─ /claims/UT-E12/index.html (+166ms) 
docs/evidence/m1/before-final-navigation/verification-approved.log:234: trailing whitespace.
+19:31:18   ├─ /fixtures/math/index.html (+36ms) 
docs/evidence/m1/before-final-navigation/verification-approved.log:235: trailing whitespace.
+19:31:18   ├─ /references/index.html (+157ms) 
docs/evidence/m1/before-final-navigation/verification-approved.log:236: trailing whitespace.
+19:31:18   ├─ /start/index.html (+167ms) 
docs/evidence/m1/before-final-navigation/verification-approved.log:237: trailing whitespace.
+19:31:18   ├─ /index.html (+107ms) 
docs/evidence/m1/before-final-navigation/verification-approved.log:238: trailing whitespace.
+19:31:18   ├─ /research-status/index.html (+156ms) 
docs/evidence/m1/before-final-navigation/verification-approved.log:239: trailing whitespace.
+19:31:19   ├─ /research-status/proof-matrix/index.html (+177ms) 
docs/evidence/m1/before-final-navigation/verification-approved.log:240: trailing whitespace.
+19:31:19   ├─ /concepts/geometry-and-modes/index.html (+135ms) 
docs/evidence/m1/first-browser/traces/reading-M1-claims-concepts-80d45-y-pass-axe-and-320px-reflow/error-context.md:134: trailing whitespace.
+  25  | 
docs/evidence/m1/first-browser/traces/reading-M1-claims-concepts-80d45-y-pass-axe-and-320px-reflow/error-context.md:161: trailing whitespace.
+  52  | 
docs/evidence/m1/first-browser/traces/reading-M1-claims-concepts-80d45-y-pass-axe-and-320px-reflow/error-context.md:168: trailing whitespace.
+  59  | 
docs/evidence/m1/first-browser/traces/reading-M1-claims-concepts-80d45-y-pass-axe-and-320px-reflow/error-context.md:182: trailing whitespace.
+  73  | 
docs/evidence/m1/first-browser/traces/reading-M1-claims-concepts-80d45-y-pass-axe-and-320px-reflow/error-context.md:183: trailing whitespace.
+  74  | 
docs/evidence/m1/first-browser/traces/reading-M1-claims-concepts-80d45-y-pass-axe-and-320px-reflow/error-context.md:210: trailing whitespace.
+  101 | 
docs/evidence/m1/first-browser/traces/reading-M1-claims-concepts-80d45-y-pass-axe-and-320px-reflow/error-context.md:221: trailing whitespace.
+  111 | 
docs/evidence/m1/first-browser/traces/reading-M1-source-bound-co-76fb2-d-pending-review-without-JS/error-context.md:139: trailing whitespace.
+  6   | 
docs/evidence/m1/first-browser/traces/reading-M1-source-bound-co-76fb2-d-pending-review-without-JS/error-context.md:158: trailing whitespace.
+  25  | 
docs/evidence/m1/first-browser/traces/reading-M1-source-bound-co-76fb2-d-pending-review-without-JS/error-context.md:185: trailing whitespace.
+  52  | 
docs/evidence/m1/first-browser/traces/reading-M1-source-bound-co-76fb2-d-pending-review-without-JS/error-context.md:192: trailing whitespace.
+  59  | 
docs/evidence/m1/first-browser/traces/reading-M1-source-bound-co-76fb2-d-pending-review-without-JS/error-context.md:206: trailing whitespace.
+  73  | 
docs/evidence/m1/first-browser/traces/reading-M1-source-bound-co-76fb2-d-pending-review-without-JS/error-context.md:207: trailing whitespace.
+  74  | 
docs/evidence/m1/first-browser/traces/reading-M1-source-bound-co-76fb2-d-pending-review-without-JS/error-context.md:235: trailing whitespace.
+  101 | 
docs/evidence/m1/first-browser/traces/reading-M1-source-bound-co-76fb2-d-pending-review-without-JS/error-context.md:245: trailing whitespace.
+  111 | 
docs/evidence/m1/first-browser/traces/reading-home-nested-readin-14af4-essibility-and-320px-reflow/error-context.md:290: trailing whitespace.
+  6   | 
docs/evidence/m1/first-browser/traces/reading-home-nested-readin-14af4-essibility-and-320px-reflow/error-context.md:309: trailing whitespace.
+  25  | 
docs/evidence/m1/first-browser/traces/reading-home-nested-readin-14af4-essibility-and-320px-reflow/error-context.md:337: trailing whitespace.
+  52  | 
docs/evidence/m1/first-browser/traces/reading-home-nested-readin-14af4-essibility-and-320px-reflow/error-context.md:344: trailing whitespace.
+  59  | 
docs/evidence/m1/first-browser/traces/reading-home-nested-readin-14af4-essibility-and-320px-reflow/error-context.md:358: trailing whitespace.
+  73  | 
docs/evidence/m1/first-browser/traces/reading-home-nested-readin-14af4-essibility-and-320px-reflow/error-context.md:359: trailing whitespace.
+  74  | 
docs/evidence/m1/first-browser/traces/reading-home-nested-readin-14af4-essibility-and-320px-reflow/error-context.md:386: trailing whitespace.
+  101 | 
docs/evidence/m1/first-browser/traces/reading-home-nested-readin-14af4-essibility-and-320px-reflow/error-context.md:396: trailing whitespace.
+  111 | 
docs/evidence/m1/first-browser/verification-approved.log:15: trailing whitespace.
+Result (39 files): 
docs/evidence/m1/first-browser/verification-approved.log:109: trailing whitespace.
+ generating static routes 
docs/evidence/m1/first-browser/verification-approved.log:110: trailing whitespace.
+19:11:01   ├─ /404.html (+12ms) 
docs/evidence/m1/first-browser/verification-approved.log:111: trailing whitespace.
+19:11:01   ├─ /claims/UT-D01/index.html (+66ms) 
docs/evidence/m1/first-browser/verification-approved.log:112: trailing whitespace.
+19:11:01   ├─ /claims/UT-D02/index.html (+57ms) 
docs/evidence/m1/first-browser/verification-approved.log:113: trailing whitespace.
+19:11:01   ├─ /claims/UT-D03/index.html (+51ms) 
docs/evidence/m1/first-browser/verification-approved.log:114: trailing whitespace.
+19:11:01   ├─ /claims/UT-D04/index.html (+48ms) 
docs/evidence/m1/first-browser/verification-approved.log:115: trailing whitespace.
+19:11:01   ├─ /claims/UT-D05/index.html (+46ms) 
docs/evidence/m1/first-browser/verification-approved.log:116: trailing whitespace.
+19:11:01   ├─ /claims/UT-D06/index.html (+49ms) 
docs/evidence/m1/first-browser/verification-approved.log:117: trailing whitespace.
+19:11:01   ├─ /claims/UT-D07/index.html (+50ms) 
docs/evidence/m1/first-browser/verification-approved.log:118: trailing whitespace.
+19:11:01   ├─ /claims/UT-D08/index.html (+50ms) 
docs/evidence/m1/first-browser/verification-approved.log:119: trailing whitespace.
+19:11:01   ├─ /claims/UT-D09/index.html (+45ms) 
docs/evidence/m1/first-browser/verification-approved.log:120: trailing whitespace.
+19:11:01   ├─ /claims/UT-C01/index.html (+46ms) 
docs/evidence/m1/first-browser/verification-approved.log:121: trailing whitespace.
+19:11:02   ├─ /claims/UT-C02/index.html (+45ms) 
docs/evidence/m1/first-browser/verification-approved.log:122: trailing whitespace.
+19:11:02   ├─ /claims/UT-O01/index.html (+46ms) 
docs/evidence/m1/first-browser/verification-approved.log:123: trailing whitespace.
+19:11:02   ├─ /claims/UT-O02/index.html (+46ms) 
docs/evidence/m1/first-browser/verification-approved.log:124: trailing whitespace.
+19:11:02   ├─ /claims/UT-O03/index.html (+44ms) 
docs/evidence/m1/first-browser/verification-approved.log:125: trailing whitespace.
+19:11:02   ├─ /claims/UT-O04/index.html (+44ms) 
docs/evidence/m1/first-browser/verification-approved.log:126: trailing whitespace.
+19:11:02   ├─ /claims/UT-O05/index.html (+45ms) 
docs/evidence/m1/first-browser/verification-approved.log:127: trailing whitespace.
+19:11:02   ├─ /claims/UT-O06/index.html (+44ms) 
docs/evidence/m1/first-browser/verification-approved.log:128: trailing whitespace.
+19:11:02   ├─ /claims/UT-E01/index.html (+47ms) 
docs/evidence/m1/first-browser/verification-approved.log:129: trailing whitespace.
+19:11:02   ├─ /claims/UT-E02/index.html (+46ms) 
docs/evidence/m1/first-browser/verification-approved.log:130: trailing whitespace.
+19:11:02   ├─ /claims/UT-E03/index.html (+44ms) 
docs/evidence/m1/first-browser/verification-approved.log:131: trailing whitespace.
+19:11:02   ├─ /claims/UT-E04/index.html (+44ms) 
docs/evidence/m1/first-browser/verification-approved.log:132: trailing whitespace.
+19:11:02   ├─ /claims/UT-E05/index.html (+45ms) 
docs/evidence/m1/first-browser/verification-approved.log:133: trailing whitespace.
+19:11:02   ├─ /claims/UT-E06/index.html (+46ms) 
docs/evidence/m1/first-browser/verification-approved.log:134: trailing whitespace.
+19:11:02   ├─ /claims/UT-E07/index.html (+45ms) 
docs/evidence/m1/first-browser/verification-approved.log:135: trailing whitespace.
+19:11:02   ├─ /claims/UT-E08/index.html (+44ms) 
docs/evidence/m1/first-browser/verification-approved.log:136: trailing whitespace.
+19:11:02   ├─ /claims/UT-E09/index.html (+44ms) 
docs/evidence/m1/first-browser/verification-approved.log:137: trailing whitespace.
+19:11:02   ├─ /claims/UT-E10/index.html (+48ms) 
docs/evidence/m1/first-browser/verification-approved.log:138: trailing whitespace.
+19:11:02   ├─ /claims/UT-E11/index.html (+46ms) 
docs/evidence/m1/first-browser/verification-approved.log:139: trailing whitespace.
+19:11:02   ├─ /claims/UT-E12/index.html (+47ms) 
docs/evidence/m1/first-browser/verification-approved.log:140: trailing whitespace.
+19:11:02   ├─ /fixtures/math/index.html (+8ms) 
docs/evidence/m1/first-browser/verification-approved.log:141: trailing whitespace.
+19:11:02   ├─ /references/index.html (+47ms) 
docs/evidence/m1/first-browser/verification-approved.log:142: trailing whitespace.
+19:11:02   ├─ /start/index.html (+50ms) 
docs/evidence/m1/first-browser/verification-approved.log:143: trailing whitespace.
+19:11:02   ├─ /index.html (+53ms) 
docs/evidence/m1/first-browser/verification-approved.log:144: trailing whitespace.
+19:11:03   ├─ /research-status/index.html (+48ms) 
docs/evidence/m1/first-browser/verification-approved.log:145: trailing whitespace.
+19:11:03   ├─ /research-status/proof-matrix/index.html (+49ms) 
docs/evidence/m1/first-browser/verification-approved.log:146: trailing whitespace.
+19:11:03   ├─ /concepts/geometry-and-modes/index.html (+45ms) 
docs/evidence/m1/first-browser/verification-approved.log:183: trailing whitespace.
+  1) tests/e2e/reading.spec.ts:26:1 › home, nested reading and math pass automated accessibility and 320px reflow 
docs/evidence/m1/first-browser/verification-approved.log:209: trailing whitespace.
+  2) tests/e2e/reading.spec.ts:75:1 › M1 source-bound consumers retain status distinctions, source text, citations and pending review without JS 
docs/evidence/m1/first-browser/verification-approved.log:243: trailing whitespace.
+  3) tests/e2e/reading.spec.ts:102:1 › M1 claims, concepts, status, matrix and bibliography pass axe and 320px reflow 
docs/evidence/m1/first-browser/verification-approved.log:270: trailing whitespace.
+    tests/e2e/reading.spec.ts:26:1 › home, nested reading and math pass automated accessibility and 320px reflow 
docs/evidence/m1/first-browser/verification-approved.log:271: trailing whitespace.
+    tests/e2e/reading.spec.ts:75:1 › M1 source-bound consumers retain status distinctions, source text, citations and pending review without JS 
docs/evidence/m1/first-browser/verification-approved.log:272: trailing whitespace.
+    tests/e2e/reading.spec.ts:102:1 › M1 claims, concepts, status, matrix and bibliography pass axe and 320px reflow 
docs/evidence/m1/first-check-verification-approved.log:76: trailing whitespace.
+Result (39 files): 
docs/evidence/m1/first-check-verification-approved.log:80: new blank line at EOF.
docs/evidence/m1/first-contract-verification-approved.log:15: trailing whitespace.
+Result (39 files): 
docs/evidence/m1/independent-review/plan.diff:4: trailing whitespace.
+ 
docs/evidence/m1/independent-review/plan.diff:25: trailing whitespace.
+ 
docs/evidence/m1/independent-review/plan.diff:36: trailing whitespace.
+ 
docs/evidence/m1/independent-review/plan.diff:50: trailing whitespace.
+ 
docs/evidence/m1/independent-review/plan.diff:52: trailing whitespace.
+ 
docs/evidence/m1/independent-review/plan.diff:56: trailing whitespace.
+ 
docs/evidence/m1/independent-review/verification-approved.log:17: trailing whitespace.
+Result (47 files): 
docs/evidence/m1/independent-review/verification-approved.log:141: trailing whitespace.
+ generating static routes 
docs/evidence/m1/independent-review/verification-approved.log:142: trailing whitespace.
+23:22:16   ├─ /404.html (+11ms) 
docs/evidence/m1/independent-review/verification-approved.log:143: trailing whitespace.
+23:22:16   ├─ /fixtures/math/index.html (+39ms) 
docs/evidence/m1/independent-review/verification-approved.log:144: trailing whitespace.
+23:22:16   ├─ /references/index.html (+4ms) 
docs/evidence/m1/independent-review/verification-approved.log:145: trailing whitespace.
+23:22:16   ├─ /start/index.html (+13ms) 
docs/evidence/m1/independent-review/verification-approved.log:146: trailing whitespace.
+23:22:16   ├─ /index.html (+10ms) 
docs/evidence/m1/independent-review/verification-approved.log:147: trailing whitespace.
+23:22:16   ├─ /research-status/index.html (+24ms) 
docs/evidence/m1/independent-review/verification-approved.log:148: trailing whitespace.
+23:22:16   ├─ /research-status/proof-matrix/index.html (+8ms) 
docs/evidence/m1/independent-review/verification-approved.log:149: trailing whitespace.
+23:22:16   ├─ /concepts/geometry-and-modes/index.html (+4ms) 
docs/evidence/m1/independent-review/verification-approved.log:150: trailing whitespace.
+23:22:16   ├─ /claims/UT-D01/index.html (+6ms) 
docs/evidence/m1/independent-review/verification-approved.log:151: trailing whitespace.
+23:22:16   ├─ /claims/UT-D02/index.html (+4ms) 
docs/evidence/m1/independent-review/verification-approved.log:152: trailing whitespace.
+23:22:16   ├─ /claims/UT-D03/index.html (+4ms) 
docs/evidence/m1/independent-review/verification-approved.log:153: trailing whitespace.
+23:22:16   ├─ /claims/UT-D04/index.html (+3ms) 
docs/evidence/m1/independent-review/verification-approved.log:154: trailing whitespace.
+23:22:16   ├─ /claims/UT-D05/index.html (+2ms) 
docs/evidence/m1/independent-review/verification-approved.log:155: trailing whitespace.
+23:22:16   ├─ /claims/UT-D06/index.html (+4ms) 
docs/evidence/m1/independent-review/verification-approved.log:156: trailing whitespace.
+23:22:16   ├─ /claims/UT-D07/index.html (+4ms) 
docs/evidence/m1/independent-review/verification-approved.log:157: trailing whitespace.
+23:22:16   ├─ /claims/UT-D08/index.html (+17ms) 
docs/evidence/m1/independent-review/verification-approved.log:158: trailing whitespace.
+23:22:16   ├─ /claims/UT-D09/index.html (+8ms) 
docs/evidence/m1/independent-review/verification-approved.log:159: trailing whitespace.
+23:22:16   ├─ /claims/UT-C01/index.html (+5ms) 
docs/evidence/m1/independent-review/verification-approved.log:160: trailing whitespace.
+23:22:16   ├─ /claims/UT-C02/index.html (+3ms) 
docs/evidence/m1/independent-review/verification-approved.log:161: trailing whitespace.
+23:22:16   ├─ /claims/UT-O01/index.html (+4ms) 
docs/evidence/m1/independent-review/verification-approved.log:162: trailing whitespace.
+23:22:16   ├─ /claims/UT-O02/index.html (+2ms) 
docs/evidence/m1/independent-review/verification-approved.log:163: trailing whitespace.
+23:22:16   ├─ /claims/UT-O03/index.html (+3ms) 
docs/evidence/m1/independent-review/verification-approved.log:164: trailing whitespace.
+23:22:16   ├─ /claims/UT-O04/index.html (+3ms) 
docs/evidence/m1/independent-review/verification-approved.log:165: trailing whitespace.
+23:22:16   ├─ /claims/UT-O05/index.html (+2ms) 
docs/evidence/m1/independent-review/verification-approved.log:166: trailing whitespace.
+23:22:16   ├─ /claims/UT-O06/index.html (+1ms) 
docs/evidence/m1/independent-review/verification-approved.log:167: trailing whitespace.
+23:22:16   ├─ /claims/UT-E01/index.html (+3ms) 
docs/evidence/m1/independent-review/verification-approved.log:168: trailing whitespace.
+23:22:16   ├─ /claims/UT-E02/index.html (+2ms) 
docs/evidence/m1/independent-review/verification-approved.log:169: trailing whitespace.
+23:22:16   ├─ /claims/UT-E03/index.html (+4ms) 
docs/evidence/m1/independent-review/verification-approved.log:170: trailing whitespace.
+23:22:16   ├─ /claims/UT-E04/index.html (+4ms) 
docs/evidence/m1/independent-review/verification-approved.log:171: trailing whitespace.
+23:22:16   ├─ /claims/UT-E05/index.html (+3ms) 
docs/evidence/m1/independent-review/verification-approved.log:172: trailing whitespace.
+23:22:16   ├─ /claims/UT-E06/index.html (+2ms) 
docs/evidence/m1/independent-review/verification-approved.log:173: trailing whitespace.
+23:22:16   ├─ /claims/UT-E07/index.html (+2ms) 
docs/evidence/m1/independent-review/verification-approved.log:174: trailing whitespace.
+23:22:16   ├─ /claims/UT-E08/index.html (+2ms) 
docs/evidence/m1/independent-review/verification-approved.log:175: trailing whitespace.
+23:22:16   ├─ /claims/UT-E09/index.html (+2ms) 
docs/evidence/m1/independent-review/verification-approved.log:176: trailing whitespace.
+23:22:16   ├─ /claims/UT-E10/index.html (+9ms) 
docs/evidence/m1/independent-review/verification-approved.log:177: trailing whitespace.
+23:22:16   ├─ /claims/UT-E11/index.html (+5ms) 
docs/evidence/m1/independent-review/verification-approved.log:178: trailing whitespace.
+23:22:16   ├─ /claims/UT-E12/index.html (+7ms) 
docs/evidence/m1/independent-review/verification-approved.log:233: trailing whitespace.
+ generating static routes 
docs/evidence/m1/independent-review/verification-approved.log:234: trailing whitespace.
+23:22:29   ├─ /404.html (+18ms) 
docs/evidence/m1/independent-review/verification-approved.log:235: trailing whitespace.
+23:22:29   ├─ /fixtures/math/index.html (+46ms) 
docs/evidence/m1/independent-review/verification-approved.log:236: trailing whitespace.
+23:22:30   ├─ /references/index.html (+10ms) 
docs/evidence/m1/independent-review/verification-approved.log:237: trailing whitespace.
+23:22:30   ├─ /start/index.html (+6ms) 
docs/evidence/m1/independent-review/verification-approved.log:238: trailing whitespace.
+23:22:30   ├─ /index.html (+10ms) 
docs/evidence/m1/independent-review/verification-approved.log:239: trailing whitespace.
+23:22:30   ├─ /research-status/index.html (+15ms) 
docs/evidence/m1/independent-review/verification-approved.log:240: trailing whitespace.
+23:22:30   ├─ /research-status/proof-matrix/index.html (+8ms) 
docs/evidence/m1/independent-review/verification-approved.log:241: trailing whitespace.
+23:22:30   ├─ /concepts/geometry-and-modes/index.html (+8ms) 
docs/evidence/m1/independent-review/verification-approved.log:242: trailing whitespace.
+23:22:30   ├─ /claims/UT-D01/index.html (+7ms) 
docs/evidence/m1/independent-review/verification-approved.log:243: trailing whitespace.
+23:22:30   ├─ /claims/UT-D02/index.html (+8ms) 
docs/evidence/m1/independent-review/verification-approved.log:244: trailing whitespace.
+23:22:30   ├─ /claims/UT-D03/index.html (+5ms) 
docs/evidence/m1/independent-review/verification-approved.log:245: trailing whitespace.
+23:22:30   ├─ /claims/UT-D04/index.html (+4ms) 
docs/evidence/m1/independent-review/verification-approved.log:246: trailing whitespace.
+23:22:30   ├─ /claims/UT-D05/index.html (+4ms) 
docs/evidence/m1/independent-review/verification-approved.log:247: trailing whitespace.
+23:22:30   ├─ /claims/UT-D06/index.html (+6ms) 
docs/evidence/m1/independent-review/verification-approved.log:248: trailing whitespace.
+23:22:30   ├─ /claims/UT-D07/index.html (+6ms) 
docs/evidence/m1/independent-review/verification-approved.log:249: trailing whitespace.
+23:22:30   ├─ /claims/UT-D08/index.html (+8ms) 
docs/evidence/m1/independent-review/verification-approved.log:250: trailing whitespace.
+23:22:30   ├─ /claims/UT-D09/index.html (+3ms) 
docs/evidence/m1/independent-review/verification-approved.log:251: trailing whitespace.
+23:22:30   ├─ /claims/UT-C01/index.html (+4ms) 
docs/evidence/m1/independent-review/verification-approved.log:252: trailing whitespace.
+23:22:30   ├─ /claims/UT-C02/index.html (+2ms) 
docs/evidence/m1/independent-review/verification-approved.log:253: trailing whitespace.
+23:22:30   ├─ /claims/UT-O01/index.html (+2ms) 
docs/evidence/m1/independent-review/verification-approved.log:254: trailing whitespace.
+23:22:30   ├─ /claims/UT-O02/index.html (+1ms) 
docs/evidence/m1/independent-review/verification-approved.log:255: trailing whitespace.
+23:22:30   ├─ /claims/UT-O03/index.html (+4ms) 
docs/evidence/m1/independent-review/verification-approved.log:256: trailing whitespace.
+23:22:30   ├─ /claims/UT-O04/index.html (+2ms) 
docs/evidence/m1/independent-review/verification-approved.log:257: trailing whitespace.
+23:22:30   ├─ /claims/UT-O05/index.html (+4ms) 
docs/evidence/m1/independent-review/verification-approved.log:258: trailing whitespace.
+23:22:30   ├─ /claims/UT-O06/index.html (+2ms) 
docs/evidence/m1/independent-review/verification-approved.log:259: trailing whitespace.
+23:22:30   ├─ /claims/UT-E01/index.html (+4ms) 
docs/evidence/m1/independent-review/verification-approved.log:260: trailing whitespace.
+23:22:30   ├─ /claims/UT-E02/index.html (+3ms) 
docs/evidence/m1/independent-review/verification-approved.log:261: trailing whitespace.
+23:22:30   ├─ /claims/UT-E03/index.html (+3ms) 
docs/evidence/m1/independent-review/verification-approved.log:262: trailing whitespace.
+23:22:30   ├─ /claims/UT-E04/index.html (+2ms) 
docs/evidence/m1/independent-review/verification-approved.log:263: trailing whitespace.
+23:22:30   ├─ /claims/UT-E05/index.html (+2ms) 
docs/evidence/m1/independent-review/verification-approved.log:264: trailing whitespace.
+23:22:30   ├─ /claims/UT-E06/index.html (+2ms) 
docs/evidence/m1/independent-review/verification-approved.log:265: trailing whitespace.
+23:22:30   ├─ /claims/UT-E07/index.html (+2ms) 
docs/evidence/m1/independent-review/verification-approved.log:266: trailing whitespace.
+23:22:30   ├─ /claims/UT-E08/index.html (+2ms) 
docs/evidence/m1/independent-review/verification-approved.log:267: trailing whitespace.
+23:22:30   ├─ /claims/UT-E09/index.html (+4ms) 
docs/evidence/m1/independent-review/verification-approved.log:268: trailing whitespace.
+23:22:30   ├─ /claims/UT-E10/index.html (+6ms) 
docs/evidence/m1/independent-review/verification-approved.log:269: trailing whitespace.
+23:22:30   ├─ /claims/UT-E11/index.html (+5ms) 
docs/evidence/m1/independent-review/verification-approved.log:270: trailing whitespace.
+23:22:30   ├─ /claims/UT-E12/index.html (+4ms) 
docs/evidence/m1/recheck/before-dependency-final/verification.log:15: trailing whitespace.
+Result (44 files): 
docs/evidence/m1/recheck/before-dependency-final/verification.log:127: trailing whitespace.
+ generating static routes 
docs/evidence/m1/recheck/before-dependency-final/verification.log:128: trailing whitespace.
+20:37:32   ├─ /404.html (+12ms) 
docs/evidence/m1/recheck/before-dependency-final/verification.log:129: trailing whitespace.
+20:37:32   ├─ /fixtures/math/index.html (+19ms) 
docs/evidence/m1/recheck/before-dependency-final/verification.log:130: trailing whitespace.
+20:37:32   ├─ /references/index.html (+2ms) 
docs/evidence/m1/recheck/before-dependency-final/verification.log:131: trailing whitespace.
+20:37:32   ├─ /start/index.html (+5ms) 
docs/evidence/m1/recheck/before-dependency-final/verification.log:132: trailing whitespace.
+20:37:32   ├─ /index.html (+8ms) 
docs/evidence/m1/recheck/before-dependency-final/verification.log:133: trailing whitespace.
+20:37:32   ├─ /research-status/index.html (+11ms) 
docs/evidence/m1/recheck/before-dependency-final/verification.log:134: trailing whitespace.
+20:37:32   ├─ /research-status/proof-matrix/index.html (+5ms) 
docs/evidence/m1/recheck/before-dependency-final/verification.log:135: trailing whitespace.
+20:37:32   ├─ /concepts/geometry-and-modes/index.html (+2ms) 
docs/evidence/m1/recheck/before-dependency-final/verification.log:136: trailing whitespace.
+20:37:32   ├─ /claims/UT-D01/index.html (+3ms) 
docs/evidence/m1/recheck/before-dependency-final/verification.log:137: trailing whitespace.
+20:37:32   ├─ /claims/UT-D02/index.html (+5ms) 
docs/evidence/m1/recheck/before-dependency-final/verification.log:138: trailing whitespace.
+20:37:32   ├─ /claims/UT-D03/index.html (+4ms) 
docs/evidence/m1/recheck/before-dependency-final/verification.log:139: trailing whitespace.
+20:37:32   ├─ /claims/UT-D04/index.html (+2ms) 
docs/evidence/m1/recheck/before-dependency-final/verification.log:140: trailing whitespace.
+20:37:32   ├─ /claims/UT-D05/index.html (+1ms) 
docs/evidence/m1/recheck/before-dependency-final/verification.log:141: trailing whitespace.
+20:37:32   ├─ /claims/UT-D06/index.html (+3ms) 
docs/evidence/m1/recheck/before-dependency-final/verification.log:142: trailing whitespace.
+20:37:32   ├─ /claims/UT-D07/index.html (+3ms) 
docs/evidence/m1/recheck/before-dependency-final/verification.log:143: trailing whitespace.
+20:37:32   ├─ /claims/UT-D08/index.html (+6ms) 
docs/evidence/m1/recheck/before-dependency-final/verification.log:144: trailing whitespace.
+20:37:32   ├─ /claims/UT-D09/index.html (+2ms) 
docs/evidence/m1/recheck/before-dependency-final/verification.log:145: trailing whitespace.
+20:37:32   ├─ /claims/UT-C01/index.html (+1ms) 
docs/evidence/m1/recheck/before-dependency-final/verification.log:146: trailing whitespace.
+20:37:32   ├─ /claims/UT-C02/index.html (+1ms) 
docs/evidence/m1/recheck/before-dependency-final/verification.log:147: trailing whitespace.
+20:37:32   ├─ /claims/UT-O01/index.html (+1ms) 
docs/evidence/m1/recheck/before-dependency-final/verification.log:148: trailing whitespace.
+20:37:32   ├─ /claims/UT-O02/index.html (+1ms) 
docs/evidence/m1/recheck/before-dependency-final/verification.log:149: trailing whitespace.
+20:37:32   ├─ /claims/UT-O03/index.html (+1ms) 
docs/evidence/m1/recheck/before-dependency-final/verification.log:150: trailing whitespace.
+20:37:32   ├─ /claims/UT-O04/index.html (+1ms) 
docs/evidence/m1/recheck/before-dependency-final/verification.log:151: trailing whitespace.
+20:37:32   ├─ /claims/UT-O05/index.html (+1ms) 
docs/evidence/m1/recheck/before-dependency-final/verification.log:152: trailing whitespace.
+20:37:32   ├─ /claims/UT-O06/index.html (+1ms) 
docs/evidence/m1/recheck/before-dependency-final/verification.log:153: trailing whitespace.
+20:37:32   ├─ /claims/UT-E01/index.html (+3ms) 
docs/evidence/m1/recheck/before-dependency-final/verification.log:154: trailing whitespace.
+20:37:32   ├─ /claims/UT-E02/index.html (+2ms) 
docs/evidence/m1/recheck/before-dependency-final/verification.log:155: trailing whitespace.
+20:37:32   ├─ /claims/UT-E03/index.html (+2ms) 
docs/evidence/m1/recheck/before-dependency-final/verification.log:156: trailing whitespace.
+20:37:32   ├─ /claims/UT-E04/index.html (+2ms) 
docs/evidence/m1/recheck/before-dependency-final/verification.log:157: trailing whitespace.
+20:37:32   ├─ /claims/UT-E05/index.html (+2ms) 
docs/evidence/m1/recheck/before-dependency-final/verification.log:158: trailing whitespace.
+20:37:32   ├─ /claims/UT-E06/index.html (+2ms) 
docs/evidence/m1/recheck/before-dependency-final/verification.log:159: trailing whitespace.
+20:37:32   ├─ /claims/UT-E07/index.html (+2ms) 
docs/evidence/m1/recheck/before-dependency-final/verification.log:160: trailing whitespace.
+20:37:32   ├─ /claims/UT-E08/index.html (+2ms) 
docs/evidence/m1/recheck/before-dependency-final/verification.log:161: trailing whitespace.
+20:37:32   ├─ /claims/UT-E09/index.html (+2ms) 
docs/evidence/m1/recheck/before-dependency-final/verification.log:162: trailing whitespace.
+20:37:32   ├─ /claims/UT-E10/index.html (+5ms) 
docs/evidence/m1/recheck/before-dependency-final/verification.log:163: trailing whitespace.
+20:37:32   ├─ /claims/UT-E11/index.html (+4ms) 
docs/evidence/m1/recheck/before-dependency-final/verification.log:164: trailing whitespace.
+20:37:32   ├─ /claims/UT-E12/index.html (+4ms) 
docs/evidence/m1/recheck/before-dependency-final/verification.log:219: trailing whitespace.
+ generating static routes 
docs/evidence/m1/recheck/before-dependency-final/verification.log:220: trailing whitespace.
+20:37:42   ├─ /404.html (+10ms) 
docs/evidence/m1/recheck/before-dependency-final/verification.log:221: trailing whitespace.
+20:37:42   ├─ /fixtures/math/index.html (+17ms) 
docs/evidence/m1/recheck/before-dependency-final/verification.log:222: trailing whitespace.
+20:37:42   ├─ /references/index.html (+2ms) 
docs/evidence/m1/recheck/before-dependency-final/verification.log:223: trailing whitespace.
+20:37:42   ├─ /start/index.html (+5ms) 
docs/evidence/m1/recheck/before-dependency-final/verification.log:224: trailing whitespace.
+20:37:42   ├─ /index.html (+9ms) 
docs/evidence/m1/recheck/before-dependency-final/verification.log:225: trailing whitespace.
+20:37:42   ├─ /research-status/index.html (+11ms) 
docs/evidence/m1/recheck/before-dependency-final/verification.log:226: trailing whitespace.
+20:37:42   ├─ /research-status/proof-matrix/index.html (+5ms) 
docs/evidence/m1/recheck/before-dependency-final/verification.log:227: trailing whitespace.
+20:37:42   ├─ /concepts/geometry-and-modes/index.html (+2ms) 
docs/evidence/m1/recheck/before-dependency-final/verification.log:228: trailing whitespace.
+20:37:42   ├─ /claims/UT-D01/index.html (+4ms) 
docs/evidence/m1/recheck/before-dependency-final/verification.log:229: trailing whitespace.
+20:37:42   ├─ /claims/UT-D02/index.html (+4ms) 
docs/evidence/m1/recheck/before-dependency-final/verification.log:230: trailing whitespace.
+20:37:42   ├─ /claims/UT-D03/index.html (+7ms) 
docs/evidence/m1/recheck/before-dependency-final/verification.log:231: trailing whitespace.
+20:37:42   ├─ /claims/UT-D04/index.html (+3ms) 
docs/evidence/m1/recheck/before-dependency-final/verification.log:232: trailing whitespace.
+20:37:42   ├─ /claims/UT-D05/index.html (+3ms) 
docs/evidence/m1/recheck/before-dependency-final/verification.log:233: trailing whitespace.
+20:37:42   ├─ /claims/UT-D06/index.html (+4ms) 
docs/evidence/m1/recheck/before-dependency-final/verification.log:234: trailing whitespace.
+20:37:42   ├─ /claims/UT-D07/index.html (+3ms) 
docs/evidence/m1/recheck/before-dependency-final/verification.log:235: trailing whitespace.
+20:37:42   ├─ /claims/UT-D08/index.html (+6ms) 
docs/evidence/m1/recheck/before-dependency-final/verification.log:236: trailing whitespace.
+20:37:42   ├─ /claims/UT-D09/index.html (+2ms) 
docs/evidence/m1/recheck/before-dependency-final/verification.log:237: trailing whitespace.
+20:37:42   ├─ /claims/UT-C01/index.html (+1ms) 
docs/evidence/m1/recheck/before-dependency-final/verification.log:238: trailing whitespace.
+20:37:42   ├─ /claims/UT-C02/index.html (+1ms) 
docs/evidence/m1/recheck/before-dependency-final/verification.log:239: trailing whitespace.
+20:37:42   ├─ /claims/UT-O01/index.html (+1ms) 
docs/evidence/m1/recheck/before-dependency-final/verification.log:240: trailing whitespace.
+20:37:42   ├─ /claims/UT-O02/index.html (+1ms) 
docs/evidence/m1/recheck/before-dependency-final/verification.log:241: trailing whitespace.
+20:37:42   ├─ /claims/UT-O03/index.html (+1ms) 
docs/evidence/m1/recheck/before-dependency-final/verification.log:242: trailing whitespace.
+20:37:42   ├─ /claims/UT-O04/index.html (+1ms) 
docs/evidence/m1/recheck/before-dependency-final/verification.log:243: trailing whitespace.
+20:37:42   ├─ /claims/UT-O05/index.html (+1ms) 
docs/evidence/m1/recheck/before-dependency-final/verification.log:244: trailing whitespace.
+20:37:42   ├─ /claims/UT-O06/index.html (+1ms) 
docs/evidence/m1/recheck/before-dependency-final/verification.log:245: trailing whitespace.
+20:37:42   ├─ /claims/UT-E01/index.html (+2ms) 
docs/evidence/m1/recheck/before-dependency-final/verification.log:246: trailing whitespace.
+20:37:42   ├─ /claims/UT-E02/index.html (+4ms) 
docs/evidence/m1/recheck/before-dependency-final/verification.log:247: trailing whitespace.
+20:37:42   ├─ /claims/UT-E03/index.html (+3ms) 
docs/evidence/m1/recheck/before-dependency-final/verification.log:248: trailing whitespace.
+20:37:42   ├─ /claims/UT-E04/index.html (+4ms) 
docs/evidence/m1/recheck/before-dependency-final/verification.log:249: trailing whitespace.
+20:37:42   ├─ /claims/UT-E05/index.html (+2ms) 
docs/evidence/m1/recheck/before-dependency-final/verification.log:250: trailing whitespace.
+20:37:42   ├─ /claims/UT-E06/index.html (+2ms) 
docs/evidence/m1/recheck/before-dependency-final/verification.log:251: trailing whitespace.
+20:37:42   ├─ /claims/UT-E07/index.html (+3ms) 
docs/evidence/m1/recheck/before-dependency-final/verification.log:252: trailing whitespace.
+20:37:42   ├─ /claims/UT-E08/index.html (+2ms) 
docs/evidence/m1/recheck/before-dependency-final/verification.log:253: trailing whitespace.
+20:37:42   ├─ /claims/UT-E09/index.html (+2ms) 
docs/evidence/m1/recheck/before-dependency-final/verification.log:254: trailing whitespace.
+20:37:42   ├─ /claims/UT-E10/index.html (+6ms) 
docs/evidence/m1/recheck/before-dependency-final/verification.log:255: trailing whitespace.
+20:37:42   ├─ /claims/UT-E11/index.html (+6ms) 
docs/evidence/m1/recheck/before-dependency-final/verification.log:256: trailing whitespace.
+20:37:42   ├─ /claims/UT-E12/index.html (+5ms) 
docs/evidence/m1/recheck/before-final-code/src/lib/markdown-safety.ts:35: new blank line at EOF.
docs/evidence/m1/recheck/before-lifecycle-final/code/src/lib/markdown-safety.ts:35: new blank line at EOF.
docs/evidence/m1/recheck/before-lifecycle-final/verification.log:17: trailing whitespace.
+Result (44 files): 
docs/evidence/m1/recheck/before-lifecycle-final/verification.log:130: trailing whitespace.
+ generating static routes 
docs/evidence/m1/recheck/before-lifecycle-final/verification.log:131: trailing whitespace.
+20:52:58   ├─ /404.html (+12ms) 
docs/evidence/m1/recheck/before-lifecycle-final/verification.log:132: trailing whitespace.
+20:52:58   ├─ /fixtures/math/index.html (+36ms) 
docs/evidence/m1/recheck/before-lifecycle-final/verification.log:133: trailing whitespace.
+20:52:58   ├─ /references/index.html (+4ms) 
docs/evidence/m1/recheck/before-lifecycle-final/verification.log:134: trailing whitespace.
+20:52:58   ├─ /start/index.html (+7ms) 
docs/evidence/m1/recheck/before-lifecycle-final/verification.log:135: trailing whitespace.
+20:52:58   ├─ /index.html (+35ms) 
docs/evidence/m1/recheck/before-lifecycle-final/verification.log:136: trailing whitespace.
+20:52:58   ├─ /research-status/index.html (+39ms) 
docs/evidence/m1/recheck/before-lifecycle-final/verification.log:137: trailing whitespace.
+20:52:58   ├─ /research-status/proof-matrix/index.html (+14ms) 
docs/evidence/m1/recheck/before-lifecycle-final/verification.log:138: trailing whitespace.
+20:52:58   ├─ /concepts/geometry-and-modes/index.html (+3ms) 
docs/evidence/m1/recheck/before-lifecycle-final/verification.log:139: trailing whitespace.
+20:52:58   ├─ /claims/UT-D01/index.html (+4ms) 
docs/evidence/m1/recheck/before-lifecycle-final/verification.log:140: trailing whitespace.
+20:52:58   ├─ /claims/UT-D02/index.html (+8ms) 
docs/evidence/m1/recheck/before-lifecycle-final/verification.log:141: trailing whitespace.
+20:52:58   ├─ /claims/UT-D03/index.html (+11ms) 
docs/evidence/m1/recheck/before-lifecycle-final/verification.log:142: trailing whitespace.
+20:52:58   ├─ /claims/UT-D04/index.html (+4ms) 
docs/evidence/m1/recheck/before-lifecycle-final/verification.log:143: trailing whitespace.
+20:52:58   ├─ /claims/UT-D05/index.html (+3ms) 
docs/evidence/m1/recheck/before-lifecycle-final/verification.log:144: trailing whitespace.
+20:52:58   ├─ /claims/UT-D06/index.html (+9ms) 
docs/evidence/m1/recheck/before-lifecycle-final/verification.log:145: trailing whitespace.
+20:52:58   ├─ /claims/UT-D07/index.html (+5ms) 
docs/evidence/m1/recheck/before-lifecycle-final/verification.log:146: trailing whitespace.
+20:52:58   ├─ /claims/UT-D08/index.html (+8ms) 
docs/evidence/m1/recheck/before-lifecycle-final/verification.log:147: trailing whitespace.
+20:52:58   ├─ /claims/UT-D09/index.html (+6ms) 
docs/evidence/m1/recheck/before-lifecycle-final/verification.log:148: trailing whitespace.
+20:52:58   ├─ /claims/UT-C01/index.html (+3ms) 
docs/evidence/m1/recheck/before-lifecycle-final/verification.log:149: trailing whitespace.
+20:52:58   ├─ /claims/UT-C02/index.html (+3ms) 
docs/evidence/m1/recheck/before-lifecycle-final/verification.log:150: trailing whitespace.
+20:52:58   ├─ /claims/UT-O01/index.html (+2ms) 
docs/evidence/m1/recheck/before-lifecycle-final/verification.log:151: trailing whitespace.
+20:52:58   ├─ /claims/UT-O02/index.html (+1ms) 
docs/evidence/m1/recheck/before-lifecycle-final/verification.log:152: trailing whitespace.
+20:52:58   ├─ /claims/UT-O03/index.html (+1ms) 
docs/evidence/m1/recheck/before-lifecycle-final/verification.log:153: trailing whitespace.
+20:52:58   ├─ /claims/UT-O04/index.html (+3ms) 
docs/evidence/m1/recheck/before-lifecycle-final/verification.log:154: trailing whitespace.
+20:52:58   ├─ /claims/UT-O05/index.html (+2ms) 
docs/evidence/m1/recheck/before-lifecycle-final/verification.log:155: trailing whitespace.
+20:52:58   ├─ /claims/UT-O06/index.html (+2ms) 
docs/evidence/m1/recheck/before-lifecycle-final/verification.log:156: trailing whitespace.
+20:52:58   ├─ /claims/UT-E01/index.html (+16ms) 
docs/evidence/m1/recheck/before-lifecycle-final/verification.log:157: trailing whitespace.
+20:52:58   ├─ /claims/UT-E02/index.html (+21ms) 
docs/evidence/m1/recheck/before-lifecycle-final/verification.log:158: trailing whitespace.
+20:52:58   ├─ /claims/UT-E03/index.html (+3ms) 
docs/evidence/m1/recheck/before-lifecycle-final/verification.log:159: trailing whitespace.
+20:52:58   ├─ /claims/UT-E04/index.html (+4ms) 
docs/evidence/m1/recheck/before-lifecycle-final/verification.log:160: trailing whitespace.
+20:52:58   ├─ /claims/UT-E05/index.html (+4ms) 
docs/evidence/m1/recheck/before-lifecycle-final/verification.log:161: trailing whitespace.
+20:52:58   ├─ /claims/UT-E06/index.html (+3ms) 
docs/evidence/m1/recheck/before-lifecycle-final/verification.log:162: trailing whitespace.
+20:52:58   ├─ /claims/UT-E07/index.html (+5ms) 
docs/evidence/m1/recheck/before-lifecycle-final/verification.log:163: trailing whitespace.
+20:52:58   ├─ /claims/UT-E08/index.html (+4ms) 
docs/evidence/m1/recheck/before-lifecycle-final/verification.log:164: trailing whitespace.
+20:52:58   ├─ /claims/UT-E09/index.html (+10ms) 
docs/evidence/m1/recheck/before-lifecycle-final/verification.log:165: trailing whitespace.
+20:52:58   ├─ /claims/UT-E10/index.html (+7ms) 
docs/evidence/m1/recheck/before-lifecycle-final/verification.log:166: trailing whitespace.
+20:52:58   ├─ /claims/UT-E11/index.html (+7ms) 
docs/evidence/m1/recheck/before-lifecycle-final/verification.log:167: trailing whitespace.
+20:52:58   ├─ /claims/UT-E12/index.html (+7ms) 
docs/evidence/m1/recheck/before-lifecycle-final/verification.log:222: trailing whitespace.
+ generating static routes 
docs/evidence/m1/recheck/before-lifecycle-final/verification.log:223: trailing whitespace.
+20:53:13   ├─ /404.html (+14ms) 
docs/evidence/m1/recheck/before-lifecycle-final/verification.log:224: trailing whitespace.
+20:53:13   ├─ /fixtures/math/index.html (+19ms) 
docs/evidence/m1/recheck/before-lifecycle-final/verification.log:225: trailing whitespace.
+20:53:13   ├─ /references/index.html (+4ms) 
docs/evidence/m1/recheck/before-lifecycle-final/verification.log:226: trailing whitespace.
+20:53:13   ├─ /start/index.html (+13ms) 
docs/evidence/m1/recheck/before-lifecycle-final/verification.log:227: trailing whitespace.
+20:53:13   ├─ /index.html (+67ms) 
docs/evidence/m1/recheck/before-lifecycle-final/verification.log:228: trailing whitespace.
+20:53:13   ├─ /research-status/index.html (+16ms) 
docs/evidence/m1/recheck/before-lifecycle-final/verification.log:229: trailing whitespace.
+20:53:13   ├─ /research-status/proof-matrix/index.html (+11ms) 
docs/evidence/m1/recheck/before-lifecycle-final/verification.log:230: trailing whitespace.
+20:53:13   ├─ /concepts/geometry-and-modes/index.html (+7ms) 
docs/evidence/m1/recheck/before-lifecycle-final/verification.log:231: trailing whitespace.
+20:53:13   ├─ /claims/UT-D01/index.html (+4ms) 
docs/evidence/m1/recheck/before-lifecycle-final/verification.log:232: trailing whitespace.
+20:53:13   ├─ /claims/UT-D02/index.html (+49ms) 
docs/evidence/m1/recheck/before-lifecycle-final/verification.log:233: trailing whitespace.
+20:53:13   ├─ /claims/UT-D03/index.html (+12ms) 
docs/evidence/m1/recheck/before-lifecycle-final/verification.log:234: trailing whitespace.
+20:53:13   ├─ /claims/UT-D04/index.html (+3ms) 
docs/evidence/m1/recheck/before-lifecycle-final/verification.log:235: trailing whitespace.
+20:53:13   ├─ /claims/UT-D05/index.html (+2ms) 
docs/evidence/m1/recheck/before-lifecycle-final/verification.log:236: trailing whitespace.
+20:53:13   ├─ /claims/UT-D06/index.html (+4ms) 
docs/evidence/m1/recheck/before-lifecycle-final/verification.log:237: trailing whitespace.
+20:53:13   ├─ /claims/UT-D07/index.html (+4ms) 
docs/evidence/m1/recheck/before-lifecycle-final/verification.log:238: trailing whitespace.
+20:53:13   ├─ /claims/UT-D08/index.html (+14ms) 
docs/evidence/m1/recheck/before-lifecycle-final/verification.log:239: trailing whitespace.
+20:53:13   ├─ /claims/UT-D09/index.html (+3ms) 
docs/evidence/m1/recheck/before-lifecycle-final/verification.log:240: trailing whitespace.
+20:53:13   ├─ /claims/UT-C01/index.html (+11ms) 
docs/evidence/m1/recheck/before-lifecycle-final/verification.log:241: trailing whitespace.
+20:53:14   ├─ /claims/UT-C02/index.html (+2ms) 
docs/evidence/m1/recheck/before-lifecycle-final/verification.log:242: trailing whitespace.
+20:53:14   ├─ /claims/UT-O01/index.html (+1ms) 
docs/evidence/m1/recheck/before-lifecycle-final/verification.log:243: trailing whitespace.
+20:53:14   ├─ /claims/UT-O02/index.html (+3ms) 
docs/evidence/m1/recheck/before-lifecycle-final/verification.log:244: trailing whitespace.
+20:53:14   ├─ /claims/UT-O03/index.html (+2ms) 
docs/evidence/m1/recheck/before-lifecycle-final/verification.log:245: trailing whitespace.
+20:53:14   ├─ /claims/UT-O04/index.html (+1ms) 
docs/evidence/m1/recheck/before-lifecycle-final/verification.log:246: trailing whitespace.
+20:53:14   ├─ /claims/UT-O05/index.html (+5ms) 
docs/evidence/m1/recheck/before-lifecycle-final/verification.log:247: trailing whitespace.
+20:53:14   ├─ /claims/UT-O06/index.html (+2ms) 
docs/evidence/m1/recheck/before-lifecycle-final/verification.log:248: trailing whitespace.
+20:53:14   ├─ /claims/UT-E01/index.html (+5ms) 
docs/evidence/m1/recheck/before-lifecycle-final/verification.log:249: trailing whitespace.
+20:53:14   ├─ /claims/UT-E02/index.html (+4ms) 
docs/evidence/m1/recheck/before-lifecycle-final/verification.log:250: trailing whitespace.
+20:53:14   ├─ /claims/UT-E03/index.html (+3ms) 
docs/evidence/m1/recheck/before-lifecycle-final/verification.log:251: trailing whitespace.
+20:53:14   ├─ /claims/UT-E04/index.html (+3ms) 
docs/evidence/m1/recheck/before-lifecycle-final/verification.log:252: trailing whitespace.
+20:53:14   ├─ /claims/UT-E05/index.html (+21ms) 
docs/evidence/m1/recheck/before-lifecycle-final/verification.log:253: trailing whitespace.
+20:53:14   ├─ /claims/UT-E06/index.html (+6ms) 
docs/evidence/m1/recheck/before-lifecycle-final/verification.log:254: trailing whitespace.
+20:53:14   ├─ /claims/UT-E07/index.html (+3ms) 
docs/evidence/m1/recheck/before-lifecycle-final/verification.log:255: trailing whitespace.
+20:53:14   ├─ /claims/UT-E08/index.html (+12ms) 
docs/evidence/m1/recheck/before-lifecycle-final/verification.log:256: trailing whitespace.
+20:53:14   ├─ /claims/UT-E09/index.html (+3ms) 
docs/evidence/m1/recheck/before-lifecycle-final/verification.log:257: trailing whitespace.
+20:53:14   ├─ /claims/UT-E10/index.html (+9ms) 
docs/evidence/m1/recheck/before-lifecycle-final/verification.log:258: trailing whitespace.
+20:53:14   ├─ /claims/UT-E11/index.html (+10ms) 
docs/evidence/m1/recheck/before-lifecycle-final/verification.log:259: trailing whitespace.
+20:53:14   ├─ /claims/UT-E12/index.html (+5ms) 
docs/evidence/m1/recheck/before-summary-final/verification.log:17: trailing whitespace.
+Result (44 files): 
docs/evidence/m1/recheck/before-summary-final/verification.log:130: trailing whitespace.
+ generating static routes 
docs/evidence/m1/recheck/before-summary-final/verification.log:131: trailing whitespace.
+20:41:45   ├─ /404.html (+38ms) 
docs/evidence/m1/recheck/before-summary-final/verification.log:132: trailing whitespace.
+20:41:45   ├─ /fixtures/math/index.html (+181ms) 
docs/evidence/m1/recheck/before-summary-final/verification.log:133: trailing whitespace.
+20:41:45   ├─ /references/index.html (+4ms) 
docs/evidence/m1/recheck/before-summary-final/verification.log:134: trailing whitespace.
+20:41:45   ├─ /start/index.html (+9ms) 
docs/evidence/m1/recheck/before-summary-final/verification.log:135: trailing whitespace.
+20:41:45   ├─ /index.html (+11ms) 
docs/evidence/m1/recheck/before-summary-final/verification.log:136: trailing whitespace.
+20:41:45   ├─ /research-status/index.html (+84ms) 
docs/evidence/m1/recheck/before-summary-final/verification.log:137: trailing whitespace.
+20:41:45   ├─ /research-status/proof-matrix/index.html (+89ms) 
docs/evidence/m1/recheck/before-summary-final/verification.log:138: trailing whitespace.
+20:41:45   ├─ /concepts/geometry-and-modes/index.html (+12ms) 
docs/evidence/m1/recheck/before-summary-final/verification.log:139: trailing whitespace.
+20:41:45   ├─ /claims/UT-D01/index.html (+13ms) 
docs/evidence/m1/recheck/before-summary-final/verification.log:140: trailing whitespace.
+20:41:45   ├─ /claims/UT-D02/index.html (+9ms) 
docs/evidence/m1/recheck/before-summary-final/verification.log:141: trailing whitespace.
+20:41:45   ├─ /claims/UT-D03/index.html (+69ms) 
docs/evidence/m1/recheck/before-summary-final/verification.log:142: trailing whitespace.
+20:41:45   ├─ /claims/UT-D04/index.html (+45ms) 
docs/evidence/m1/recheck/before-summary-final/verification.log:143: trailing whitespace.
+20:41:45   ├─ /claims/UT-D05/index.html (+32ms) 
docs/evidence/m1/recheck/before-summary-final/verification.log:144: trailing whitespace.
+20:41:45   ├─ /claims/UT-D06/index.html (+6ms) 
docs/evidence/m1/recheck/before-summary-final/verification.log:145: trailing whitespace.
+20:41:45   ├─ /claims/UT-D07/index.html (+8ms) 
docs/evidence/m1/recheck/before-summary-final/verification.log:146: trailing whitespace.
+20:41:45   ├─ /claims/UT-D08/index.html (+11ms) 
docs/evidence/m1/recheck/before-summary-final/verification.log:147: trailing whitespace.
+20:41:45   ├─ /claims/UT-D09/index.html (+3ms) 
docs/evidence/m1/recheck/before-summary-final/verification.log:148: trailing whitespace.
+20:41:45   ├─ /claims/UT-C01/index.html (+2ms) 
docs/evidence/m1/recheck/before-summary-final/verification.log:149: trailing whitespace.
+20:41:45   ├─ /claims/UT-C02/index.html (+4ms) 
docs/evidence/m1/recheck/before-summary-final/verification.log:150: trailing whitespace.
+20:41:45   ├─ /claims/UT-O01/index.html (+7ms) 
docs/evidence/m1/recheck/before-summary-final/verification.log:151: trailing whitespace.
+20:41:46   ├─ /claims/UT-O02/index.html (+2ms) 
docs/evidence/m1/recheck/before-summary-final/verification.log:152: trailing whitespace.
+20:41:46   ├─ /claims/UT-O03/index.html (+4ms) 
docs/evidence/m1/recheck/before-summary-final/verification.log:153: trailing whitespace.
+20:41:46   ├─ /claims/UT-O04/index.html (+3ms) 
docs/evidence/m1/recheck/before-summary-final/verification.log:154: trailing whitespace.
+20:41:46   ├─ /claims/UT-O05/index.html (+16ms) 
docs/evidence/m1/recheck/before-summary-final/verification.log:155: trailing whitespace.
+20:41:46   ├─ /claims/UT-O06/index.html (+10ms) 
docs/evidence/m1/recheck/before-summary-final/verification.log:156: trailing whitespace.
+20:41:46   ├─ /claims/UT-E01/index.html (+5ms) 
docs/evidence/m1/recheck/before-summary-final/verification.log:157: trailing whitespace.
+20:41:46   ├─ /claims/UT-E02/index.html (+5ms) 
docs/evidence/m1/recheck/before-summary-final/verification.log:158: trailing whitespace.
+20:41:46   ├─ /claims/UT-E03/index.html (+15ms) 
docs/evidence/m1/recheck/before-summary-final/verification.log:159: trailing whitespace.
+20:41:46   ├─ /claims/UT-E04/index.html (+3ms) 
docs/evidence/m1/recheck/before-summary-final/verification.log:160: trailing whitespace.
+20:41:46   ├─ /claims/UT-E05/index.html (+3ms) 
docs/evidence/m1/recheck/before-summary-final/verification.log:161: trailing whitespace.
+20:41:46   ├─ /claims/UT-E06/index.html (+5ms) 
docs/evidence/m1/recheck/before-summary-final/verification.log:162: trailing whitespace.
+20:41:46   ├─ /claims/UT-E07/index.html (+6ms) 
docs/evidence/m1/recheck/before-summary-final/verification.log:163: trailing whitespace.
+20:41:46   ├─ /claims/UT-E08/index.html (+17ms) 
docs/evidence/m1/recheck/before-summary-final/verification.log:164: trailing whitespace.
+20:41:46   ├─ /claims/UT-E09/index.html (+7ms) 
docs/evidence/m1/recheck/before-summary-final/verification.log:165: trailing whitespace.
+20:41:46   ├─ /claims/UT-E10/index.html (+87ms) 
docs/evidence/m1/recheck/before-summary-final/verification.log:166: trailing whitespace.
+20:41:46   ├─ /claims/UT-E11/index.html (+25ms) 
docs/evidence/m1/recheck/before-summary-final/verification.log:167: trailing whitespace.
+20:41:46   ├─ /claims/UT-E12/index.html (+7ms) 
docs/evidence/m1/recheck/before-summary-final/verification.log:222: trailing whitespace.
+ generating static routes 
docs/evidence/m1/recheck/before-summary-final/verification.log:223: trailing whitespace.
+20:42:02   ├─ /404.html (+13ms) 
docs/evidence/m1/recheck/before-summary-final/verification.log:224: trailing whitespace.
+20:42:02   ├─ /fixtures/math/index.html (+102ms) 
docs/evidence/m1/recheck/before-summary-final/verification.log:225: trailing whitespace.
+20:42:02   ├─ /references/index.html (+5ms) 
docs/evidence/m1/recheck/before-summary-final/verification.log:226: trailing whitespace.
+20:42:02   ├─ /start/index.html (+6ms) 
docs/evidence/m1/recheck/before-summary-final/verification.log:227: trailing whitespace.
+20:42:02   ├─ /index.html (+10ms) 
docs/evidence/m1/recheck/before-summary-final/verification.log:228: trailing whitespace.
+20:42:02   ├─ /research-status/index.html (+64ms) 
docs/evidence/m1/recheck/before-summary-final/verification.log:229: trailing whitespace.
+20:42:02   ├─ /research-status/proof-matrix/index.html (+23ms) 
docs/evidence/m1/recheck/before-summary-final/verification.log:230: trailing whitespace.
+20:42:02   ├─ /concepts/geometry-and-modes/index.html (+26ms) 
docs/evidence/m1/recheck/before-summary-final/verification.log:231: trailing whitespace.
+20:42:02   ├─ /claims/UT-D01/index.html (+6ms) 
docs/evidence/m1/recheck/before-summary-final/verification.log:232: trailing whitespace.
+20:42:02   ├─ /claims/UT-D02/index.html (+4ms) 
docs/evidence/m1/recheck/before-summary-final/verification.log:233: trailing whitespace.
+20:42:02   ├─ /claims/UT-D03/index.html (+13ms) 
docs/evidence/m1/recheck/before-summary-final/verification.log:234: trailing whitespace.
+20:42:02   ├─ /claims/UT-D04/index.html (+5ms) 
docs/evidence/m1/recheck/before-summary-final/verification.log:235: trailing whitespace.
+20:42:02   ├─ /claims/UT-D05/index.html (+4ms) 
docs/evidence/m1/recheck/before-summary-final/verification.log:236: trailing whitespace.
+20:42:02   ├─ /claims/UT-D06/index.html (+7ms) 
docs/evidence/m1/recheck/before-summary-final/verification.log:237: trailing whitespace.
+20:42:02   ├─ /claims/UT-D07/index.html (+8ms) 
docs/evidence/m1/recheck/before-summary-final/verification.log:238: trailing whitespace.
+20:42:02   ├─ /claims/UT-D08/index.html (+9ms) 
docs/evidence/m1/recheck/before-summary-final/verification.log:239: trailing whitespace.
+20:42:02   ├─ /claims/UT-D09/index.html (+5ms) 
docs/evidence/m1/recheck/before-summary-final/verification.log:240: trailing whitespace.
+20:42:02   ├─ /claims/UT-C01/index.html (+2ms) 
docs/evidence/m1/recheck/before-summary-final/verification.log:241: trailing whitespace.
+20:42:02   ├─ /claims/UT-C02/index.html (+1ms) 
docs/evidence/m1/recheck/before-summary-final/verification.log:242: trailing whitespace.
+20:42:02   ├─ /claims/UT-O01/index.html (+2ms) 
docs/evidence/m1/recheck/before-summary-final/verification.log:243: trailing whitespace.
+20:42:02   ├─ /claims/UT-O02/index.html (+2ms) 
docs/evidence/m1/recheck/before-summary-final/verification.log:244: trailing whitespace.
+20:42:02   ├─ /claims/UT-O03/index.html (+2ms) 
docs/evidence/m1/recheck/before-summary-final/verification.log:245: trailing whitespace.
+20:42:02   ├─ /claims/UT-O04/index.html (+1ms) 
docs/evidence/m1/recheck/before-summary-final/verification.log:246: trailing whitespace.
+20:42:02   ├─ /claims/UT-O05/index.html (+1ms) 
docs/evidence/m1/recheck/before-summary-final/verification.log:247: trailing whitespace.
+20:42:02   ├─ /claims/UT-O06/index.html (+2ms) 
docs/evidence/m1/recheck/before-summary-final/verification.log:248: trailing whitespace.
+20:42:02   ├─ /claims/UT-E01/index.html (+8ms) 
docs/evidence/m1/recheck/before-summary-final/verification.log:249: trailing whitespace.
+20:42:02   ├─ /claims/UT-E02/index.html (+3ms) 
docs/evidence/m1/recheck/before-summary-final/verification.log:250: trailing whitespace.
+20:42:02   ├─ /claims/UT-E03/index.html (+5ms) 
docs/evidence/m1/recheck/before-summary-final/verification.log:251: trailing whitespace.
+20:42:02   ├─ /claims/UT-E04/index.html (+4ms) 
docs/evidence/m1/recheck/before-summary-final/verification.log:252: trailing whitespace.
+20:42:02   ├─ /claims/UT-E05/index.html (+68ms) 
docs/evidence/m1/recheck/before-summary-final/verification.log:253: trailing whitespace.
+20:42:02   ├─ /claims/UT-E06/index.html (+31ms) 
docs/evidence/m1/recheck/before-summary-final/verification.log:254: trailing whitespace.
+20:42:02   ├─ /claims/UT-E07/index.html (+9ms) 
docs/evidence/m1/recheck/before-summary-final/verification.log:255: trailing whitespace.
+20:42:02   ├─ /claims/UT-E08/index.html (+8ms) 
docs/evidence/m1/recheck/before-summary-final/verification.log:256: trailing whitespace.
+20:42:02   ├─ /claims/UT-E09/index.html (+12ms) 
docs/evidence/m1/recheck/before-summary-final/verification.log:257: trailing whitespace.
+20:42:02   ├─ /claims/UT-E10/index.html (+11ms) 
docs/evidence/m1/recheck/before-summary-final/verification.log:258: trailing whitespace.
+20:42:02   ├─ /claims/UT-E11/index.html (+6ms) 
docs/evidence/m1/recheck/before-summary-final/verification.log:259: trailing whitespace.
+20:42:02   ├─ /claims/UT-E12/index.html (+7ms) 
docs/evidence/m1/recheck/fifth-browser-failure/verification.log:15: trailing whitespace.
+Result (44 files): 
docs/evidence/m1/recheck/fifth-browser-failure/verification.log:126: trailing whitespace.
+ generating static routes 
docs/evidence/m1/recheck/fifth-browser-failure/verification.log:127: trailing whitespace.
+20:31:42   ├─ /404.html (+11ms) 
docs/evidence/m1/recheck/fifth-browser-failure/verification.log:128: trailing whitespace.
+20:31:42   ├─ /fixtures/math/index.html (+18ms) 
docs/evidence/m1/recheck/fifth-browser-failure/verification.log:129: trailing whitespace.
+20:31:42   ├─ /references/index.html (+4ms) 
docs/evidence/m1/recheck/fifth-browser-failure/verification.log:130: trailing whitespace.
+20:31:42   ├─ /start/index.html (+5ms) 
docs/evidence/m1/recheck/fifth-browser-failure/verification.log:131: trailing whitespace.
+20:31:42   ├─ /index.html (+12ms) 
docs/evidence/m1/recheck/fifth-browser-failure/verification.log:132: trailing whitespace.
+20:31:42   ├─ /research-status/index.html (+14ms) 
docs/evidence/m1/recheck/fifth-browser-failure/verification.log:133: trailing whitespace.
+20:31:42   ├─ /research-status/proof-matrix/index.html (+9ms) 
docs/evidence/m1/recheck/fifth-browser-failure/verification.log:134: trailing whitespace.
+20:31:42   ├─ /concepts/geometry-and-modes/index.html (+3ms) 
docs/evidence/m1/recheck/fifth-browser-failure/verification.log:135: trailing whitespace.
+20:31:42   ├─ /claims/UT-D01/index.html (+10ms) 
docs/evidence/m1/recheck/fifth-browser-failure/verification.log:136: trailing whitespace.
+20:31:42   ├─ /claims/UT-D02/index.html (+5ms) 
docs/evidence/m1/recheck/fifth-browser-failure/verification.log:137: trailing whitespace.
+20:31:42   ├─ /claims/UT-D03/index.html (+4ms) 
docs/evidence/m1/recheck/fifth-browser-failure/verification.log:138: trailing whitespace.
+20:31:42   ├─ /claims/UT-D04/index.html (+3ms) 
docs/evidence/m1/recheck/fifth-browser-failure/verification.log:139: trailing whitespace.
+20:31:42   ├─ /claims/UT-D05/index.html (+6ms) 
docs/evidence/m1/recheck/fifth-browser-failure/verification.log:140: trailing whitespace.
+20:31:42   ├─ /claims/UT-D06/index.html (+10ms) 
docs/evidence/m1/recheck/fifth-browser-failure/verification.log:141: trailing whitespace.
+20:31:42   ├─ /claims/UT-D07/index.html (+3ms) 
docs/evidence/m1/recheck/fifth-browser-failure/verification.log:142: trailing whitespace.
+20:31:42   ├─ /claims/UT-D08/index.html (+11ms) 
docs/evidence/m1/recheck/fifth-browser-failure/verification.log:143: trailing whitespace.
+20:31:42   ├─ /claims/UT-D09/index.html (+3ms) 
docs/evidence/m1/recheck/fifth-browser-failure/verification.log:144: trailing whitespace.
+20:31:42   ├─ /claims/UT-C01/index.html (+3ms) 
docs/evidence/m1/recheck/fifth-browser-failure/verification.log:145: trailing whitespace.
+20:31:42   ├─ /claims/UT-C02/index.html (+2ms) 
docs/evidence/m1/recheck/fifth-browser-failure/verification.log:146: trailing whitespace.
+20:31:42   ├─ /claims/UT-O01/index.html (+4ms) 
docs/evidence/m1/recheck/fifth-browser-failure/verification.log:147: trailing whitespace.
+20:31:42   ├─ /claims/UT-O02/index.html (+2ms) 
docs/evidence/m1/recheck/fifth-browser-failure/verification.log:148: trailing whitespace.
+20:31:42   ├─ /claims/UT-O03/index.html (+1ms) 
docs/evidence/m1/recheck/fifth-browser-failure/verification.log:149: trailing whitespace.
+20:31:42   ├─ /claims/UT-O04/index.html (+1ms) 
docs/evidence/m1/recheck/fifth-browser-failure/verification.log:150: trailing whitespace.
+20:31:42   ├─ /claims/UT-O05/index.html (+2ms) 
docs/evidence/m1/recheck/fifth-browser-failure/verification.log:151: trailing whitespace.
+20:31:42   ├─ /claims/UT-O06/index.html (+2ms) 
docs/evidence/m1/recheck/fifth-browser-failure/verification.log:152: trailing whitespace.
+20:31:42   ├─ /claims/UT-E01/index.html (+2ms) 
docs/evidence/m1/recheck/fifth-browser-failure/verification.log:153: trailing whitespace.
+20:31:42   ├─ /claims/UT-E02/index.html (+4ms) 
docs/evidence/m1/recheck/fifth-browser-failure/verification.log:154: trailing whitespace.
+20:31:42   ├─ /claims/UT-E03/index.html (+5ms) 
docs/evidence/m1/recheck/fifth-browser-failure/verification.log:155: trailing whitespace.
+20:31:42   ├─ /claims/UT-E04/index.html (+7ms) 
docs/evidence/m1/recheck/fifth-browser-failure/verification.log:156: trailing whitespace.
+20:31:42   ├─ /claims/UT-E05/index.html (+5ms) 
docs/evidence/m1/recheck/fifth-browser-failure/verification.log:157: trailing whitespace.
+20:31:42   ├─ /claims/UT-E06/index.html (+2ms) 
docs/evidence/m1/recheck/fifth-browser-failure/verification.log:158: trailing whitespace.
+20:31:42   ├─ /claims/UT-E07/index.html (+7ms) 
docs/evidence/m1/recheck/fifth-browser-failure/verification.log:159: trailing whitespace.
+20:31:42   ├─ /claims/UT-E08/index.html (+3ms) 
docs/evidence/m1/recheck/fifth-browser-failure/verification.log:160: trailing whitespace.
+20:31:42   ├─ /claims/UT-E09/index.html (+3ms) 
docs/evidence/m1/recheck/fifth-browser-failure/verification.log:161: trailing whitespace.
+20:31:42   ├─ /claims/UT-E10/index.html (+7ms) 
docs/evidence/m1/recheck/fifth-browser-failure/verification.log:162: trailing whitespace.
+20:31:42   ├─ /claims/UT-E11/index.html (+5ms) 
docs/evidence/m1/recheck/fifth-browser-failure/verification.log:163: trailing whitespace.
+20:31:42   ├─ /claims/UT-E12/index.html (+5ms) 
docs/evidence/m1/recheck/fifth-browser-failure/verification.log:199: trailing whitespace.
+  1) tests/e2e/reading.spec.ts:7:1 › home and start read without JavaScript, navigate by keyboard and show source state 
docs/evidence/m1/recheck/fifth-browser-failure/verification.log:230: trailing whitespace.
+    tests/e2e/reading.spec.ts:7:1 › home and start read without JavaScript, navigate by keyboard and show source state 
docs/evidence/m1/recheck/fourth-output-failure.log:15: trailing whitespace.
+Result (44 files): 
docs/evidence/m1/recheck/fourth-output-failure.log:125: trailing whitespace.
+ generating static routes 
docs/evidence/m1/recheck/fourth-output-failure.log:126: trailing whitespace.
+20:29:06   ├─ /404.html (+11ms) 
docs/evidence/m1/recheck/fourth-output-failure.log:127: trailing whitespace.
+20:29:06   ├─ /fixtures/math/index.html (+70ms) 
docs/evidence/m1/recheck/fourth-output-failure.log:128: trailing whitespace.
+20:29:06   ├─ /references/index.html (+3ms) 
docs/evidence/m1/recheck/fourth-output-failure.log:129: trailing whitespace.
+20:29:06   ├─ /start/index.html (+9ms) 
docs/evidence/m1/recheck/fourth-output-failure.log:130: trailing whitespace.
+20:29:06   ├─ /index.html (+37ms) 
docs/evidence/m1/recheck/fourth-output-failure.log:131: trailing whitespace.
+20:29:06   ├─ /research-status/index.html (+56ms) 
docs/evidence/m1/recheck/fourth-output-failure.log:132: trailing whitespace.
+20:29:06   ├─ /research-status/proof-matrix/index.html (+11ms) 
docs/evidence/m1/recheck/fourth-output-failure.log:133: trailing whitespace.
+20:29:06   ├─ /concepts/geometry-and-modes/index.html (+9ms) 
docs/evidence/m1/recheck/fourth-output-failure.log:134: trailing whitespace.
+20:29:06   ├─ /claims/UT-D01/index.html (+8ms) 
docs/evidence/m1/recheck/fourth-output-failure.log:135: trailing whitespace.
+20:29:06   ├─ /claims/UT-D02/index.html (+6ms) 
docs/evidence/m1/recheck/fourth-output-failure.log:136: trailing whitespace.
+20:29:06   ├─ /claims/UT-D03/index.html (+12ms) 
docs/evidence/m1/recheck/fourth-output-failure.log:137: trailing whitespace.
+20:29:06   ├─ /claims/UT-D04/index.html (+4ms) 
docs/evidence/m1/recheck/fourth-output-failure.log:138: trailing whitespace.
+20:29:06   ├─ /claims/UT-D05/index.html (+4ms) 
docs/evidence/m1/recheck/fourth-output-failure.log:139: trailing whitespace.
+20:29:06   ├─ /claims/UT-D06/index.html (+21ms) 
docs/evidence/m1/recheck/fourth-output-failure.log:140: trailing whitespace.
+20:29:06   ├─ /claims/UT-D07/index.html (+6ms) 
docs/evidence/m1/recheck/fourth-output-failure.log:141: trailing whitespace.
+20:29:06   ├─ /claims/UT-D08/index.html (+11ms) 
docs/evidence/m1/recheck/fourth-output-failure.log:142: trailing whitespace.
+20:29:06   ├─ /claims/UT-D09/index.html (+7ms) 
docs/evidence/m1/recheck/fourth-output-failure.log:143: trailing whitespace.
+20:29:06   ├─ /claims/UT-C01/index.html (+3ms) 
docs/evidence/m1/recheck/fourth-output-failure.log:144: trailing whitespace.
+20:29:06   ├─ /claims/UT-C02/index.html (+4ms) 
docs/evidence/m1/recheck/fourth-output-failure.log:145: trailing whitespace.
+20:29:06   ├─ /claims/UT-O01/index.html (+2ms) 
docs/evidence/m1/recheck/fourth-output-failure.log:146: trailing whitespace.
+20:29:06   ├─ /claims/UT-O02/index.html (+2ms) 
docs/evidence/m1/recheck/fourth-output-failure.log:147: trailing whitespace.
+20:29:06   ├─ /claims/UT-O03/index.html (+2ms) 
docs/evidence/m1/recheck/fourth-output-failure.log:148: trailing whitespace.
+20:29:06   ├─ /claims/UT-O04/index.html (+4ms) 
docs/evidence/m1/recheck/fourth-output-failure.log:149: trailing whitespace.
+20:29:06   ├─ /claims/UT-O05/index.html (+1ms) 
docs/evidence/m1/recheck/fourth-output-failure.log:150: trailing whitespace.
+20:29:06   ├─ /claims/UT-O06/index.html (+3ms) 
docs/evidence/m1/recheck/fourth-output-failure.log:151: trailing whitespace.
+20:29:06   ├─ /claims/UT-E01/index.html (+11ms) 
docs/evidence/m1/recheck/fourth-output-failure.log:152: trailing whitespace.
+20:29:06   ├─ /claims/UT-E02/index.html (+7ms) 
docs/evidence/m1/recheck/fourth-output-failure.log:153: trailing whitespace.
+20:29:06   ├─ /claims/UT-E03/index.html (+3ms) 
docs/evidence/m1/recheck/fourth-output-failure.log:154: trailing whitespace.
+20:29:06   ├─ /claims/UT-E04/index.html (+2ms) 
docs/evidence/m1/recheck/fourth-output-failure.log:155: trailing whitespace.
+20:29:06   ├─ /claims/UT-E05/index.html (+2ms) 
docs/evidence/m1/recheck/fourth-output-failure.log:156: trailing whitespace.
+20:29:06   ├─ /claims/UT-E06/index.html (+2ms) 
docs/evidence/m1/recheck/fourth-output-failure.log:157: trailing whitespace.
+20:29:06   ├─ /claims/UT-E07/index.html (+3ms) 
docs/evidence/m1/recheck/fourth-output-failure.log:158: trailing whitespace.
+20:29:06   ├─ /claims/UT-E08/index.html (+5ms) 
docs/evidence/m1/recheck/fourth-output-failure.log:159: trailing whitespace.
+20:29:06   ├─ /claims/UT-E09/index.html (+4ms) 
docs/evidence/m1/recheck/fourth-output-failure.log:160: trailing whitespace.
+20:29:06   ├─ /claims/UT-E10/index.html (+8ms) 
docs/evidence/m1/recheck/fourth-output-failure.log:161: trailing whitespace.
+20:29:06   ├─ /claims/UT-E11/index.html (+11ms) 
docs/evidence/m1/recheck/fourth-output-failure.log:162: trailing whitespace.
+20:29:06   ├─ /claims/UT-E12/index.html (+7ms) 
docs/evidence/m1/recheck/prior-code/tests/content/contracts.test.ts:122: trailing whitespace.
+      const body=entry ? `<div data-canonical-body="${entry.id}">${renderEntrySync(selected.corpus,entry,info.config.basePath)}</div>` : route==='/references/' ? selected.references.map(r=>`<p id="${r.id}">Reference</p>`).join('') : ''; 
docs/evidence/m1/recheck/third-contract-failure.log:15: trailing whitespace.
+Result (44 files): 
docs/evidence/m1/recheck/verification-approved.log:17: trailing whitespace.
+Result (45 files): 
docs/evidence/m1/recheck/verification-approved.log:133: trailing whitespace.
+ generating static routes 
docs/evidence/m1/recheck/verification-approved.log:134: trailing whitespace.
+21:15:06   ├─ /404.html (+19ms) 
docs/evidence/m1/recheck/verification-approved.log:135: trailing whitespace.
+21:15:06   ├─ /fixtures/math/index.html (+42ms) 
docs/evidence/m1/recheck/verification-approved.log:136: trailing whitespace.
+21:15:06   ├─ /references/index.html (+9ms) 
docs/evidence/m1/recheck/verification-approved.log:137: trailing whitespace.
+21:15:06   ├─ /start/index.html (+9ms) 
docs/evidence/m1/recheck/verification-approved.log:138: trailing whitespace.
+21:15:06   ├─ /index.html (+26ms) 
docs/evidence/m1/recheck/verification-approved.log:139: trailing whitespace.
+21:15:06   ├─ /research-status/index.html (+31ms) 
docs/evidence/m1/recheck/verification-approved.log:140: trailing whitespace.
+21:15:06   ├─ /research-status/proof-matrix/index.html (+6ms) 
docs/evidence/m1/recheck/verification-approved.log:141: trailing whitespace.
+21:15:06   ├─ /concepts/geometry-and-modes/index.html (+7ms) 
docs/evidence/m1/recheck/verification-approved.log:142: trailing whitespace.
+21:15:06   ├─ /claims/UT-D01/index.html (+7ms) 
docs/evidence/m1/recheck/verification-approved.log:143: trailing whitespace.
+21:15:06   ├─ /claims/UT-D02/index.html (+7ms) 
docs/evidence/m1/recheck/verification-approved.log:144: trailing whitespace.
+21:15:06   ├─ /claims/UT-D03/index.html (+6ms) 
docs/evidence/m1/recheck/verification-approved.log:145: trailing whitespace.
+21:15:06   ├─ /claims/UT-D04/index.html (+3ms) 
docs/evidence/m1/recheck/verification-approved.log:146: trailing whitespace.
+21:15:06   ├─ /claims/UT-D05/index.html (+3ms) 
docs/evidence/m1/recheck/verification-approved.log:147: trailing whitespace.
+21:15:06   ├─ /claims/UT-D06/index.html (+5ms) 
docs/evidence/m1/recheck/verification-approved.log:148: trailing whitespace.
+21:15:06   ├─ /claims/UT-D07/index.html (+6ms) 
docs/evidence/m1/recheck/verification-approved.log:149: trailing whitespace.
+21:15:06   ├─ /claims/UT-D08/index.html (+9ms) 
docs/evidence/m1/recheck/verification-approved.log:150: trailing whitespace.
+21:15:06   ├─ /claims/UT-D09/index.html (+5ms) 
docs/evidence/m1/recheck/verification-approved.log:151: trailing whitespace.
+21:15:06   ├─ /claims/UT-C01/index.html (+2ms) 
docs/evidence/m1/recheck/verification-approved.log:152: trailing whitespace.
+21:15:06   ├─ /claims/UT-C02/index.html (+2ms) 
docs/evidence/m1/recheck/verification-approved.log:153: trailing whitespace.
+21:15:06   ├─ /claims/UT-O01/index.html (+2ms) 
docs/evidence/m1/recheck/verification-approved.log:154: trailing whitespace.
+21:15:06   ├─ /claims/UT-O02/index.html (+1ms) 
docs/evidence/m1/recheck/verification-approved.log:155: trailing whitespace.
+21:15:06   ├─ /claims/UT-O03/index.html (+1ms) 
docs/evidence/m1/recheck/verification-approved.log:156: trailing whitespace.
+21:15:06   ├─ /claims/UT-O04/index.html (+2ms) 
docs/evidence/m1/recheck/verification-approved.log:157: trailing whitespace.
+21:15:06   ├─ /claims/UT-O05/index.html (+4ms) 
docs/evidence/m1/recheck/verification-approved.log:158: trailing whitespace.
+21:15:06   ├─ /claims/UT-O06/index.html (+1ms) 
docs/evidence/m1/recheck/verification-approved.log:159: trailing whitespace.
+21:15:06   ├─ /claims/UT-E01/index.html (+5ms) 
docs/evidence/m1/recheck/verification-approved.log:160: trailing whitespace.
+21:15:06   ├─ /claims/UT-E02/index.html (+4ms) 
docs/evidence/m1/recheck/verification-approved.log:161: trailing whitespace.
+21:15:06   ├─ /claims/UT-E03/index.html (+3ms) 
docs/evidence/m1/recheck/verification-approved.log:162: trailing whitespace.
+21:15:06   ├─ /claims/UT-E04/index.html (+3ms) 
docs/evidence/m1/recheck/verification-approved.log:163: trailing whitespace.
+21:15:06   ├─ /claims/UT-E05/index.html (+20ms) 
docs/evidence/m1/recheck/verification-approved.log:164: trailing whitespace.
+21:15:06   ├─ /claims/UT-E06/index.html (+5ms) 
docs/evidence/m1/recheck/verification-approved.log:165: trailing whitespace.
+21:15:06   ├─ /claims/UT-E07/index.html (+6ms) 
docs/evidence/m1/recheck/verification-approved.log:166: trailing whitespace.
+21:15:06   ├─ /claims/UT-E08/index.html (+3ms) 
docs/evidence/m1/recheck/verification-approved.log:167: trailing whitespace.
+21:15:06   ├─ /claims/UT-E09/index.html (+3ms) 
docs/evidence/m1/recheck/verification-approved.log:168: trailing whitespace.
+21:15:06   ├─ /claims/UT-E10/index.html (+8ms) 
docs/evidence/m1/recheck/verification-approved.log:169: trailing whitespace.
+21:15:06   ├─ /claims/UT-E11/index.html (+5ms) 
docs/evidence/m1/recheck/verification-approved.log:170: trailing whitespace.
+21:15:06   ├─ /claims/UT-E12/index.html (+8ms) 
docs/evidence/m1/recheck/verification-approved.log:225: trailing whitespace.
+ generating static routes 
docs/evidence/m1/recheck/verification-approved.log:226: trailing whitespace.
+21:15:41   ├─ /404.html (+17ms) 
docs/evidence/m1/recheck/verification-approved.log:227: trailing whitespace.
+21:15:41   ├─ /fixtures/math/index.html (+38ms) 
docs/evidence/m1/recheck/verification-approved.log:228: trailing whitespace.
+21:15:41   ├─ /references/index.html (+7ms) 
docs/evidence/m1/recheck/verification-approved.log:229: trailing whitespace.
+21:15:41   ├─ /start/index.html (+7ms) 
docs/evidence/m1/recheck/verification-approved.log:230: trailing whitespace.
+21:15:41   ├─ /index.html (+10ms) 
docs/evidence/m1/recheck/verification-approved.log:231: trailing whitespace.
+21:15:41   ├─ /research-status/index.html (+27ms) 
docs/evidence/m1/recheck/verification-approved.log:232: trailing whitespace.
+21:15:41   ├─ /research-status/proof-matrix/index.html (+10ms) 
docs/evidence/m1/recheck/verification-approved.log:233: trailing whitespace.
+21:15:41   ├─ /concepts/geometry-and-modes/index.html (+6ms) 
docs/evidence/m1/recheck/verification-approved.log:234: trailing whitespace.
+21:15:41   ├─ /claims/UT-D01/index.html (+12ms) 
docs/evidence/m1/recheck/verification-approved.log:235: trailing whitespace.
+21:15:41   ├─ /claims/UT-D02/index.html (+4ms) 
docs/evidence/m1/recheck/verification-approved.log:236: trailing whitespace.
+21:15:41   ├─ /claims/UT-D03/index.html (+8ms) 
docs/evidence/m1/recheck/verification-approved.log:237: trailing whitespace.
+21:15:41   ├─ /claims/UT-D04/index.html (+3ms) 
docs/evidence/m1/recheck/verification-approved.log:238: trailing whitespace.
+21:15:41   ├─ /claims/UT-D05/index.html (+5ms) 
docs/evidence/m1/recheck/verification-approved.log:239: trailing whitespace.
+21:15:41   ├─ /claims/UT-D06/index.html (+7ms) 
docs/evidence/m1/recheck/verification-approved.log:240: trailing whitespace.
+21:15:41   ├─ /claims/UT-D07/index.html (+4ms) 
docs/evidence/m1/recheck/verification-approved.log:241: trailing whitespace.
+21:15:41   ├─ /claims/UT-D08/index.html (+9ms) 
docs/evidence/m1/recheck/verification-approved.log:242: trailing whitespace.
+21:15:41   ├─ /claims/UT-D09/index.html (+3ms) 
docs/evidence/m1/recheck/verification-approved.log:243: trailing whitespace.
+21:15:41   ├─ /claims/UT-C01/index.html (+2ms) 
docs/evidence/m1/recheck/verification-approved.log:244: trailing whitespace.
+21:15:41   ├─ /claims/UT-C02/index.html (+3ms) 
docs/evidence/m1/recheck/verification-approved.log:245: trailing whitespace.
+21:15:41   ├─ /claims/UT-O01/index.html (+2ms) 
docs/evidence/m1/recheck/verification-approved.log:246: trailing whitespace.
+21:15:41   ├─ /claims/UT-O02/index.html (+1ms) 
docs/evidence/m1/recheck/verification-approved.log:247: trailing whitespace.
+21:15:41   ├─ /claims/UT-O03/index.html (+2ms) 
docs/evidence/m1/recheck/verification-approved.log:248: trailing whitespace.
+21:15:41   ├─ /claims/UT-O04/index.html (+1ms) 
docs/evidence/m1/recheck/verification-approved.log:249: trailing whitespace.
+21:15:41   ├─ /claims/UT-O05/index.html (+1ms) 
docs/evidence/m1/recheck/verification-approved.log:250: trailing whitespace.
+21:15:41   ├─ /claims/UT-O06/index.html (+2ms) 
docs/evidence/m1/recheck/verification-approved.log:251: trailing whitespace.
+21:15:41   ├─ /claims/UT-E01/index.html (+5ms) 
docs/evidence/m1/recheck/verification-approved.log:252: trailing whitespace.
+21:15:41   ├─ /claims/UT-E02/index.html (+3ms) 
docs/evidence/m1/recheck/verification-approved.log:253: trailing whitespace.
+21:15:41   ├─ /claims/UT-E03/index.html (+2ms) 
docs/evidence/m1/recheck/verification-approved.log:254: trailing whitespace.
+21:15:41   ├─ /claims/UT-E04/index.html (+4ms) 
docs/evidence/m1/recheck/verification-approved.log:255: trailing whitespace.
+21:15:41   ├─ /claims/UT-E05/index.html (+2ms) 
docs/evidence/m1/recheck/verification-approved.log:256: trailing whitespace.
+21:15:41   ├─ /claims/UT-E06/index.html (+3ms) 
docs/evidence/m1/recheck/verification-approved.log:257: trailing whitespace.
+21:15:41   ├─ /claims/UT-E07/index.html (+2ms) 
docs/evidence/m1/recheck/verification-approved.log:258: trailing whitespace.
+21:15:41   ├─ /claims/UT-E08/index.html (+2ms) 
docs/evidence/m1/recheck/verification-approved.log:259: trailing whitespace.
+21:15:41   ├─ /claims/UT-E09/index.html (+3ms) 
docs/evidence/m1/recheck/verification-approved.log:260: trailing whitespace.
+21:15:41   ├─ /claims/UT-E10/index.html (+6ms) 
docs/evidence/m1/recheck/verification-approved.log:261: trailing whitespace.
+21:15:41   ├─ /claims/UT-E11/index.html (+38ms) 
docs/evidence/m1/recheck/verification-approved.log:262: trailing whitespace.
+21:15:41   ├─ /claims/UT-E12/index.html (+6ms) 
docs/evidence/m1/recheck/verification-first.log:17: trailing whitespace.
+Result (45 files): 
docs/evidence/m1/recheck/verification-first.log:133: trailing whitespace.
+ generating static routes 
docs/evidence/m1/recheck/verification-first.log:134: trailing whitespace.
+21:15:06   ├─ /404.html (+19ms) 
docs/evidence/m1/recheck/verification-first.log:135: trailing whitespace.
+21:15:06   ├─ /fixtures/math/index.html (+42ms) 
docs/evidence/m1/recheck/verification-first.log:136: trailing whitespace.
+21:15:06   ├─ /references/index.html (+9ms) 
docs/evidence/m1/recheck/verification-first.log:137: trailing whitespace.
+21:15:06   ├─ /start/index.html (+9ms) 
docs/evidence/m1/recheck/verification-first.log:138: trailing whitespace.
+21:15:06   ├─ /index.html (+26ms) 
docs/evidence/m1/recheck/verification-first.log:139: trailing whitespace.
+21:15:06   ├─ /research-status/index.html (+31ms) 
docs/evidence/m1/recheck/verification-first.log:140: trailing whitespace.
+21:15:06   ├─ /research-status/proof-matrix/index.html (+6ms) 
docs/evidence/m1/recheck/verification-first.log:141: trailing whitespace.
+21:15:06   ├─ /concepts/geometry-and-modes/index.html (+7ms) 
docs/evidence/m1/recheck/verification-first.log:142: trailing whitespace.
+21:15:06   ├─ /claims/UT-D01/index.html (+7ms) 
docs/evidence/m1/recheck/verification-first.log:143: trailing whitespace.
+21:15:06   ├─ /claims/UT-D02/index.html (+7ms) 
docs/evidence/m1/recheck/verification-first.log:144: trailing whitespace.
+21:15:06   ├─ /claims/UT-D03/index.html (+6ms) 
docs/evidence/m1/recheck/verification-first.log:145: trailing whitespace.
+21:15:06   ├─ /claims/UT-D04/index.html (+3ms) 
docs/evidence/m1/recheck/verification-first.log:146: trailing whitespace.
+21:15:06   ├─ /claims/UT-D05/index.html (+3ms) 
docs/evidence/m1/recheck/verification-first.log:147: trailing whitespace.
+21:15:06   ├─ /claims/UT-D06/index.html (+5ms) 
docs/evidence/m1/recheck/verification-first.log:148: trailing whitespace.
+21:15:06   ├─ /claims/UT-D07/index.html (+6ms) 
docs/evidence/m1/recheck/verification-first.log:149: trailing whitespace.
+21:15:06   ├─ /claims/UT-D08/index.html (+9ms) 
docs/evidence/m1/recheck/verification-first.log:150: trailing whitespace.
+21:15:06   ├─ /claims/UT-D09/index.html (+5ms) 
docs/evidence/m1/recheck/verification-first.log:151: trailing whitespace.
+21:15:06   ├─ /claims/UT-C01/index.html (+2ms) 
docs/evidence/m1/recheck/verification-first.log:152: trailing whitespace.
+21:15:06   ├─ /claims/UT-C02/index.html (+2ms) 
docs/evidence/m1/recheck/verification-first.log:153: trailing whitespace.
+21:15:06   ├─ /claims/UT-O01/index.html (+2ms) 
docs/evidence/m1/recheck/verification-first.log:154: trailing whitespace.
+21:15:06   ├─ /claims/UT-O02/index.html (+1ms) 
docs/evidence/m1/recheck/verification-first.log:155: trailing whitespace.
+21:15:06   ├─ /claims/UT-O03/index.html (+1ms) 
docs/evidence/m1/recheck/verification-first.log:156: trailing whitespace.
+21:15:06   ├─ /claims/UT-O04/index.html (+2ms) 
docs/evidence/m1/recheck/verification-first.log:157: trailing whitespace.
+21:15:06   ├─ /claims/UT-O05/index.html (+4ms) 
docs/evidence/m1/recheck/verification-first.log:158: trailing whitespace.
+21:15:06   ├─ /claims/UT-O06/index.html (+1ms) 
docs/evidence/m1/recheck/verification-first.log:159: trailing whitespace.
+21:15:06   ├─ /claims/UT-E01/index.html (+5ms) 
docs/evidence/m1/recheck/verification-first.log:160: trailing whitespace.
+21:15:06   ├─ /claims/UT-E02/index.html (+4ms) 
docs/evidence/m1/recheck/verification-first.log:161: trailing whitespace.
+21:15:06   ├─ /claims/UT-E03/index.html (+3ms) 
docs/evidence/m1/recheck/verification-first.log:162: trailing whitespace.
+21:15:06   ├─ /claims/UT-E04/index.html (+3ms) 
docs/evidence/m1/recheck/verification-first.log:163: trailing whitespace.
+21:15:06   ├─ /claims/UT-E05/index.html (+20ms) 
docs/evidence/m1/recheck/verification-first.log:164: trailing whitespace.
+21:15:06   ├─ /claims/UT-E06/index.html (+5ms) 
docs/evidence/m1/recheck/verification-first.log:165: trailing whitespace.
+21:15:06   ├─ /claims/UT-E07/index.html (+6ms) 
docs/evidence/m1/recheck/verification-first.log:166: trailing whitespace.
+21:15:06   ├─ /claims/UT-E08/index.html (+3ms) 
docs/evidence/m1/recheck/verification-first.log:167: trailing whitespace.
+21:15:06   ├─ /claims/UT-E09/index.html (+3ms) 
docs/evidence/m1/recheck/verification-first.log:168: trailing whitespace.
+21:15:06   ├─ /claims/UT-E10/index.html (+8ms) 
docs/evidence/m1/recheck/verification-first.log:169: trailing whitespace.
+21:15:06   ├─ /claims/UT-E11/index.html (+5ms) 
docs/evidence/m1/recheck/verification-first.log:170: trailing whitespace.
+21:15:06   ├─ /claims/UT-E12/index.html (+8ms) 
docs/evidence/m1/recheck/verification-first.log:225: trailing whitespace.
+ generating static routes 
docs/evidence/m1/recheck/verification-first.log:226: trailing whitespace.
+21:15:41   ├─ /404.html (+17ms) 
docs/evidence/m1/recheck/verification-first.log:227: trailing whitespace.
+21:15:41   ├─ /fixtures/math/index.html (+38ms) 
docs/evidence/m1/recheck/verification-first.log:228: trailing whitespace.
+21:15:41   ├─ /references/index.html (+7ms) 
docs/evidence/m1/recheck/verification-first.log:229: trailing whitespace.
+21:15:41   ├─ /start/index.html (+7ms) 
docs/evidence/m1/recheck/verification-first.log:230: trailing whitespace.
+21:15:41   ├─ /index.html (+10ms) 
docs/evidence/m1/recheck/verification-first.log:231: trailing whitespace.
+21:15:41   ├─ /research-status/index.html (+27ms) 
docs/evidence/m1/recheck/verification-first.log:232: trailing whitespace.
+21:15:41   ├─ /research-status/proof-matrix/index.html (+10ms) 
docs/evidence/m1/recheck/verification-first.log:233: trailing whitespace.
+21:15:41   ├─ /concepts/geometry-and-modes/index.html (+6ms) 
docs/evidence/m1/recheck/verification-first.log:234: trailing whitespace.
+21:15:41   ├─ /claims/UT-D01/index.html (+12ms) 
docs/evidence/m1/recheck/verification-first.log:235: trailing whitespace.
+21:15:41   ├─ /claims/UT-D02/index.html (+4ms) 
docs/evidence/m1/recheck/verification-first.log:236: trailing whitespace.
+21:15:41   ├─ /claims/UT-D03/index.html (+8ms) 
docs/evidence/m1/recheck/verification-first.log:237: trailing whitespace.
+21:15:41   ├─ /claims/UT-D04/index.html (+3ms) 
docs/evidence/m1/recheck/verification-first.log:238: trailing whitespace.
+21:15:41   ├─ /claims/UT-D05/index.html (+5ms) 
docs/evidence/m1/recheck/verification-first.log:239: trailing whitespace.
+21:15:41   ├─ /claims/UT-D06/index.html (+7ms) 
docs/evidence/m1/recheck/verification-first.log:240: trailing whitespace.
+21:15:41   ├─ /claims/UT-D07/index.html (+4ms) 
docs/evidence/m1/recheck/verification-first.log:241: trailing whitespace.
+21:15:41   ├─ /claims/UT-D08/index.html (+9ms) 
docs/evidence/m1/recheck/verification-first.log:242: trailing whitespace.
+21:15:41   ├─ /claims/UT-D09/index.html (+3ms) 
docs/evidence/m1/recheck/verification-first.log:243: trailing whitespace.
+21:15:41   ├─ /claims/UT-C01/index.html (+2ms) 
docs/evidence/m1/recheck/verification-first.log:244: trailing whitespace.
+21:15:41   ├─ /claims/UT-C02/index.html (+3ms) 
docs/evidence/m1/recheck/verification-first.log:245: trailing whitespace.
+21:15:41   ├─ /claims/UT-O01/index.html (+2ms) 
docs/evidence/m1/recheck/verification-first.log:246: trailing whitespace.
+21:15:41   ├─ /claims/UT-O02/index.html (+1ms) 
docs/evidence/m1/recheck/verification-first.log:247: trailing whitespace.
+21:15:41   ├─ /claims/UT-O03/index.html (+2ms) 
docs/evidence/m1/recheck/verification-first.log:248: trailing whitespace.
+21:15:41   ├─ /claims/UT-O04/index.html (+1ms) 
docs/evidence/m1/recheck/verification-first.log:249: trailing whitespace.
+21:15:41   ├─ /claims/UT-O05/index.html (+1ms) 
docs/evidence/m1/recheck/verification-first.log:250: trailing whitespace.
+21:15:41   ├─ /claims/UT-O06/index.html (+2ms) 
docs/evidence/m1/recheck/verification-first.log:251: trailing whitespace.
+21:15:41   ├─ /claims/UT-E01/index.html (+5ms) 
docs/evidence/m1/recheck/verification-first.log:252: trailing whitespace.
+21:15:41   ├─ /claims/UT-E02/index.html (+3ms) 
docs/evidence/m1/recheck/verification-first.log:253: trailing whitespace.
+21:15:41   ├─ /claims/UT-E03/index.html (+2ms) 
docs/evidence/m1/recheck/verification-first.log:254: trailing whitespace.
+21:15:41   ├─ /claims/UT-E04/index.html (+4ms) 
docs/evidence/m1/recheck/verification-first.log:255: trailing whitespace.
+21:15:41   ├─ /claims/UT-E05/index.html (+2ms) 
docs/evidence/m1/recheck/verification-first.log:256: trailing whitespace.
+21:15:41   ├─ /claims/UT-E06/index.html (+3ms) 
docs/evidence/m1/recheck/verification-first.log:257: trailing whitespace.
+21:15:41   ├─ /claims/UT-E07/index.html (+2ms) 
docs/evidence/m1/recheck/verification-first.log:258: trailing whitespace.
+21:15:41   ├─ /claims/UT-E08/index.html (+2ms) 
docs/evidence/m1/recheck/verification-first.log:259: trailing whitespace.
+21:15:41   ├─ /claims/UT-E09/index.html (+3ms) 
docs/evidence/m1/recheck/verification-first.log:260: trailing whitespace.
+21:15:41   ├─ /claims/UT-E10/index.html (+6ms) 
docs/evidence/m1/recheck/verification-first.log:261: trailing whitespace.
+21:15:41   ├─ /claims/UT-E11/index.html (+38ms) 
docs/evidence/m1/recheck/verification-first.log:262: trailing whitespace.
+21:15:41   ├─ /claims/UT-E12/index.html (+6ms) 
docs/evidence/m1/recheck/verification-second.log:22: trailing whitespace.
+Result (44 files): 
docs/evidence/m1/recheck/verification-second.log:26: new blank line at EOF.
docs/evidence/m1/review-recheck/implementation.diff:146: trailing whitespace.
+ 
docs/evidence/m1/review-recheck/plan.diff:13: trailing whitespace.
+ 
docs/evidence/m1/review-recheck/plan.diff:34: trailing whitespace.
+ 
docs/evidence/m1/review-recheck/plan.diff:45: trailing whitespace.
+ 
docs/evidence/m1/review-recheck/plan.diff:59: trailing whitespace.
+ 
docs/evidence/m1/review-recheck/plan.diff:61: trailing whitespace.
+ 
docs/evidence/m1/review-recheck/plan.diff:65: trailing whitespace.
+ 
docs/evidence/m1/review-recheck/prior-code/src/lib/markdown-safety.ts:35: new blank line at EOF.
docs/evidence/m1/review-recheck/verification-approved.log:17: trailing whitespace.
+Result (47 files): 
docs/evidence/m1/review-recheck/verification-approved.log:140: trailing whitespace.
+ generating static routes 
docs/evidence/m1/review-recheck/verification-approved.log:141: trailing whitespace.
+22:51:10   ├─ /404.html (+12ms) 
docs/evidence/m1/review-recheck/verification-approved.log:142: trailing whitespace.
+22:51:10   ├─ /fixtures/math/index.html (+21ms) 
docs/evidence/m1/review-recheck/verification-approved.log:143: trailing whitespace.
+22:51:10   ├─ /references/index.html (+3ms) 
docs/evidence/m1/review-recheck/verification-approved.log:144: trailing whitespace.
+22:51:10   ├─ /start/index.html (+7ms) 
docs/evidence/m1/review-recheck/verification-approved.log:145: trailing whitespace.
+22:51:10   ├─ /index.html (+11ms) 
docs/evidence/m1/review-recheck/verification-approved.log:146: trailing whitespace.
+22:51:10   ├─ /research-status/index.html (+14ms) 
docs/evidence/m1/review-recheck/verification-approved.log:147: trailing whitespace.
+22:51:10   ├─ /research-status/proof-matrix/index.html (+8ms) 
docs/evidence/m1/review-recheck/verification-approved.log:148: trailing whitespace.
+22:51:10   ├─ /concepts/geometry-and-modes/index.html (+3ms) 
docs/evidence/m1/review-recheck/verification-approved.log:149: trailing whitespace.
+22:51:10   ├─ /claims/UT-D01/index.html (+6ms) 
docs/evidence/m1/review-recheck/verification-approved.log:150: trailing whitespace.
+22:51:10   ├─ /claims/UT-D02/index.html (+4ms) 
docs/evidence/m1/review-recheck/verification-approved.log:151: trailing whitespace.
+22:51:10   ├─ /claims/UT-D03/index.html (+5ms) 
docs/evidence/m1/review-recheck/verification-approved.log:152: trailing whitespace.
+22:51:10   ├─ /claims/UT-D04/index.html (+4ms) 
docs/evidence/m1/review-recheck/verification-approved.log:153: trailing whitespace.
+22:51:10   ├─ /claims/UT-D05/index.html (+2ms) 
docs/evidence/m1/review-recheck/verification-approved.log:154: trailing whitespace.
+22:51:10   ├─ /claims/UT-D06/index.html (+5ms) 
docs/evidence/m1/review-recheck/verification-approved.log:155: trailing whitespace.
+22:51:10   ├─ /claims/UT-D07/index.html (+3ms) 
docs/evidence/m1/review-recheck/verification-approved.log:156: trailing whitespace.
+22:51:10   ├─ /claims/UT-D08/index.html (+7ms) 
docs/evidence/m1/review-recheck/verification-approved.log:157: trailing whitespace.
+22:51:10   ├─ /claims/UT-D09/index.html (+3ms) 
docs/evidence/m1/review-recheck/verification-approved.log:158: trailing whitespace.
+22:51:10   ├─ /claims/UT-C01/index.html (+2ms) 
docs/evidence/m1/review-recheck/verification-approved.log:159: trailing whitespace.
+22:51:10   ├─ /claims/UT-C02/index.html (+2ms) 
docs/evidence/m1/review-recheck/verification-approved.log:160: trailing whitespace.
+22:51:10   ├─ /claims/UT-O01/index.html (+2ms) 
docs/evidence/m1/review-recheck/verification-approved.log:161: trailing whitespace.
+22:51:10   ├─ /claims/UT-O02/index.html (+1ms) 
docs/evidence/m1/review-recheck/verification-approved.log:162: trailing whitespace.
+22:51:10   ├─ /claims/UT-O03/index.html (+2ms) 
docs/evidence/m1/review-recheck/verification-approved.log:163: trailing whitespace.
+22:51:10   ├─ /claims/UT-O04/index.html (+2ms) 
docs/evidence/m1/review-recheck/verification-approved.log:164: trailing whitespace.
+22:51:10   ├─ /claims/UT-O05/index.html (+1ms) 
docs/evidence/m1/review-recheck/verification-approved.log:165: trailing whitespace.
+22:51:10   ├─ /claims/UT-O06/index.html (+1ms) 
docs/evidence/m1/review-recheck/verification-approved.log:166: trailing whitespace.
+22:51:10   ├─ /claims/UT-E01/index.html (+3ms) 
docs/evidence/m1/review-recheck/verification-approved.log:167: trailing whitespace.
+22:51:10   ├─ /claims/UT-E02/index.html (+5ms) 
docs/evidence/m1/review-recheck/verification-approved.log:168: trailing whitespace.
+22:51:10   ├─ /claims/UT-E03/index.html (+3ms) 
docs/evidence/m1/review-recheck/verification-approved.log:169: trailing whitespace.
+22:51:10   ├─ /claims/UT-E04/index.html (+3ms) 
docs/evidence/m1/review-recheck/verification-approved.log:170: trailing whitespace.
+22:51:10   ├─ /claims/UT-E05/index.html (+3ms) 
docs/evidence/m1/review-recheck/verification-approved.log:171: trailing whitespace.
+22:51:10   ├─ /claims/UT-E06/index.html (+2ms) 
docs/evidence/m1/review-recheck/verification-approved.log:172: trailing whitespace.
+22:51:10   ├─ /claims/UT-E07/index.html (+3ms) 
docs/evidence/m1/review-recheck/verification-approved.log:173: trailing whitespace.
+22:51:10   ├─ /claims/UT-E08/index.html (+3ms) 
docs/evidence/m1/review-recheck/verification-approved.log:174: trailing whitespace.
+22:51:10   ├─ /claims/UT-E09/index.html (+3ms) 
docs/evidence/m1/review-recheck/verification-approved.log:175: trailing whitespace.
+22:51:10   ├─ /claims/UT-E10/index.html (+6ms) 
docs/evidence/m1/review-recheck/verification-approved.log:176: trailing whitespace.
+22:51:10   ├─ /claims/UT-E11/index.html (+6ms) 
docs/evidence/m1/review-recheck/verification-approved.log:177: trailing whitespace.
+22:51:10   ├─ /claims/UT-E12/index.html (+5ms) 
docs/evidence/m1/review-recheck/verification-approved.log:232: trailing whitespace.
+ generating static routes 
docs/evidence/m1/review-recheck/verification-approved.log:233: trailing whitespace.
+22:51:22   ├─ /404.html (+11ms) 
docs/evidence/m1/review-recheck/verification-approved.log:234: trailing whitespace.
+22:51:22   ├─ /fixtures/math/index.html (+20ms) 
docs/evidence/m1/review-recheck/verification-approved.log:235: trailing whitespace.
+22:51:23   ├─ /references/index.html (+3ms) 
docs/evidence/m1/review-recheck/verification-approved.log:236: trailing whitespace.
+22:51:23   ├─ /start/index.html (+7ms) 
docs/evidence/m1/review-recheck/verification-approved.log:237: trailing whitespace.
+22:51:23   ├─ /index.html (+10ms) 
docs/evidence/m1/review-recheck/verification-approved.log:238: trailing whitespace.
+22:51:23   ├─ /research-status/index.html (+12ms) 
docs/evidence/m1/review-recheck/verification-approved.log:239: trailing whitespace.
+22:51:23   ├─ /research-status/proof-matrix/index.html (+9ms) 
docs/evidence/m1/review-recheck/verification-approved.log:240: trailing whitespace.
+22:51:23   ├─ /concepts/geometry-and-modes/index.html (+3ms) 
docs/evidence/m1/review-recheck/verification-approved.log:241: trailing whitespace.
+22:51:23   ├─ /claims/UT-D01/index.html (+4ms) 
docs/evidence/m1/review-recheck/verification-approved.log:242: trailing whitespace.
+22:51:23   ├─ /claims/UT-D02/index.html (+4ms) 
docs/evidence/m1/review-recheck/verification-approved.log:243: trailing whitespace.
+22:51:23   ├─ /claims/UT-D03/index.html (+5ms) 
docs/evidence/m1/review-recheck/verification-approved.log:244: trailing whitespace.
+22:51:23   ├─ /claims/UT-D04/index.html (+3ms) 
docs/evidence/m1/review-recheck/verification-approved.log:245: trailing whitespace.
+22:51:23   ├─ /claims/UT-D05/index.html (+2ms) 
docs/evidence/m1/review-recheck/verification-approved.log:246: trailing whitespace.
+22:51:23   ├─ /claims/UT-D06/index.html (+6ms) 
docs/evidence/m1/review-recheck/verification-approved.log:247: trailing whitespace.
+22:51:23   ├─ /claims/UT-D07/index.html (+3ms) 
docs/evidence/m1/review-recheck/verification-approved.log:248: trailing whitespace.
+22:51:23   ├─ /claims/UT-D08/index.html (+7ms) 
docs/evidence/m1/review-recheck/verification-approved.log:249: trailing whitespace.
+22:51:23   ├─ /claims/UT-D09/index.html (+3ms) 
docs/evidence/m1/review-recheck/verification-approved.log:250: trailing whitespace.
+22:51:23   ├─ /claims/UT-C01/index.html (+3ms) 
docs/evidence/m1/review-recheck/verification-approved.log:251: trailing whitespace.
+22:51:23   ├─ /claims/UT-C02/index.html (+4ms) 
docs/evidence/m1/review-recheck/verification-approved.log:252: trailing whitespace.
+22:51:23   ├─ /claims/UT-O01/index.html (+2ms) 
docs/evidence/m1/review-recheck/verification-approved.log:253: trailing whitespace.
+22:51:23   ├─ /claims/UT-O02/index.html (+2ms) 
docs/evidence/m1/review-recheck/verification-approved.log:254: trailing whitespace.
+22:51:23   ├─ /claims/UT-O03/index.html (+1ms) 
docs/evidence/m1/review-recheck/verification-approved.log:255: trailing whitespace.
+22:51:23   ├─ /claims/UT-O04/index.html (+2ms) 
docs/evidence/m1/review-recheck/verification-approved.log:256: trailing whitespace.
+22:51:23   ├─ /claims/UT-O05/index.html (+2ms) 
docs/evidence/m1/review-recheck/verification-approved.log:257: trailing whitespace.
+22:51:23   ├─ /claims/UT-O06/index.html (+3ms) 
docs/evidence/m1/review-recheck/verification-approved.log:258: trailing whitespace.
+22:51:23   ├─ /claims/UT-E01/index.html (+3ms) 
docs/evidence/m1/review-recheck/verification-approved.log:259: trailing whitespace.
+22:51:23   ├─ /claims/UT-E02/index.html (+3ms) 
docs/evidence/m1/review-recheck/verification-approved.log:260: trailing whitespace.
+22:51:23   ├─ /claims/UT-E03/index.html (+3ms) 
docs/evidence/m1/review-recheck/verification-approved.log:261: trailing whitespace.
+22:51:23   ├─ /claims/UT-E04/index.html (+3ms) 
docs/evidence/m1/review-recheck/verification-approved.log:262: trailing whitespace.
+22:51:23   ├─ /claims/UT-E05/index.html (+2ms) 
docs/evidence/m1/review-recheck/verification-approved.log:263: trailing whitespace.
+22:51:23   ├─ /claims/UT-E06/index.html (+3ms) 
docs/evidence/m1/review-recheck/verification-approved.log:264: trailing whitespace.
+22:51:23   ├─ /claims/UT-E07/index.html (+4ms) 
docs/evidence/m1/review-recheck/verification-approved.log:265: trailing whitespace.
+22:51:23   ├─ /claims/UT-E08/index.html (+3ms) 
docs/evidence/m1/review-recheck/verification-approved.log:266: trailing whitespace.
+22:51:23   ├─ /claims/UT-E09/index.html (+3ms) 
docs/evidence/m1/review-recheck/verification-approved.log:267: trailing whitespace.
+22:51:23   ├─ /claims/UT-E10/index.html (+6ms) 
docs/evidence/m1/review-recheck/verification-approved.log:268: trailing whitespace.
+22:51:23   ├─ /claims/UT-E11/index.html (+6ms) 
docs/evidence/m1/review-recheck/verification-approved.log:269: trailing whitespace.
+22:51:23   ├─ /claims/UT-E12/index.html (+5ms) 
docs/evidence/m1/review/prior-code/src/lib/markdown-safety.ts:35: new blank line at EOF.
docs/evidence/m1/review/task-diff.patch:13: trailing whitespace.
+ 
docs/evidence/m1/review/task-diff.patch:34: trailing whitespace.
+ 
docs/evidence/m1/review/task-diff.patch:45: trailing whitespace.
+ 
docs/evidence/m1/review/task-diff.patch:59: trailing whitespace.
+ 
docs/evidence/m1/review/task-diff.patch:61: trailing whitespace.
+ 
docs/evidence/m1/review/task-diff.patch:65: trailing whitespace.
+ 
docs/evidence/m1/review/task-diff.patch:68: trailing whitespace.
+ 
docs/evidence/m1/review/task-diff.patch:70: trailing whitespace.
+ 
docs/evidence/m1/review/task-diff.patch:74: trailing whitespace.
+ 
docs/evidence/m1/review/verification-approved.log:17: trailing whitespace.
+Result (46 files): 
docs/evidence/m1/review/verification-approved.log:136: trailing whitespace.
+ generating static routes 
docs/evidence/m1/review/verification-approved.log:137: trailing whitespace.
+22:16:49   ├─ /404.html (+24ms) 
docs/evidence/m1/review/verification-approved.log:138: trailing whitespace.
+22:16:49   ├─ /fixtures/math/index.html (+56ms) 
docs/evidence/m1/review/verification-approved.log:139: trailing whitespace.
+22:16:49   ├─ /references/index.html (+4ms) 
docs/evidence/m1/review/verification-approved.log:140: trailing whitespace.
+22:16:49   ├─ /start/index.html (+23ms) 
docs/evidence/m1/review/verification-approved.log:141: trailing whitespace.
+22:16:49   ├─ /index.html (+35ms) 
docs/evidence/m1/review/verification-approved.log:142: trailing whitespace.
+22:16:49   ├─ /research-status/index.html (+49ms) 
docs/evidence/m1/review/verification-approved.log:143: trailing whitespace.
+22:16:49   ├─ /research-status/proof-matrix/index.html (+6ms) 
docs/evidence/m1/review/verification-approved.log:144: trailing whitespace.
+22:16:49   ├─ /concepts/geometry-and-modes/index.html (+9ms) 
docs/evidence/m1/review/verification-approved.log:145: trailing whitespace.
+22:16:49   ├─ /claims/UT-D01/index.html (+5ms) 
docs/evidence/m1/review/verification-approved.log:146: trailing whitespace.
+22:16:49   ├─ /claims/UT-D02/index.html (+4ms) 
docs/evidence/m1/review/verification-approved.log:147: trailing whitespace.
+22:16:49   ├─ /claims/UT-D03/index.html (+15ms) 
docs/evidence/m1/review/verification-approved.log:148: trailing whitespace.
+22:16:49   ├─ /claims/UT-D04/index.html (+4ms) 
docs/evidence/m1/review/verification-approved.log:149: trailing whitespace.
+22:16:49   ├─ /claims/UT-D05/index.html (+6ms) 
docs/evidence/m1/review/verification-approved.log:150: trailing whitespace.
+22:16:49   ├─ /claims/UT-D06/index.html (+5ms) 
docs/evidence/m1/review/verification-approved.log:151: trailing whitespace.
+22:16:49   ├─ /claims/UT-D07/index.html (+5ms) 
docs/evidence/m1/review/verification-approved.log:152: trailing whitespace.
+22:16:49   ├─ /claims/UT-D08/index.html (+10ms) 
docs/evidence/m1/review/verification-approved.log:153: trailing whitespace.
+22:16:49   ├─ /claims/UT-D09/index.html (+5ms) 
docs/evidence/m1/review/verification-approved.log:154: trailing whitespace.
+22:16:49   ├─ /claims/UT-C01/index.html (+3ms) 
docs/evidence/m1/review/verification-approved.log:155: trailing whitespace.
+22:16:49   ├─ /claims/UT-C02/index.html (+4ms) 
docs/evidence/m1/review/verification-approved.log:156: trailing whitespace.
+22:16:49   ├─ /claims/UT-O01/index.html (+2ms) 
docs/evidence/m1/review/verification-approved.log:157: trailing whitespace.
+22:16:49   ├─ /claims/UT-O02/index.html (+4ms) 
docs/evidence/m1/review/verification-approved.log:158: trailing whitespace.
+22:16:49   ├─ /claims/UT-O03/index.html (+39ms) 
docs/evidence/m1/review/verification-approved.log:159: trailing whitespace.
+22:16:49   ├─ /claims/UT-O04/index.html (+2ms) 
docs/evidence/m1/review/verification-approved.log:160: trailing whitespace.
+22:16:49   ├─ /claims/UT-O05/index.html (+9ms) 
docs/evidence/m1/review/verification-approved.log:161: trailing whitespace.
+22:16:49   ├─ /claims/UT-O06/index.html (+5ms) 
docs/evidence/m1/review/verification-approved.log:162: trailing whitespace.
+22:16:49   ├─ /claims/UT-E01/index.html (+6ms) 
docs/evidence/m1/review/verification-approved.log:163: trailing whitespace.
+22:16:49   ├─ /claims/UT-E02/index.html (+3ms) 
docs/evidence/m1/review/verification-approved.log:164: trailing whitespace.
+22:16:49   ├─ /claims/UT-E03/index.html (+6ms) 
docs/evidence/m1/review/verification-approved.log:165: trailing whitespace.
+22:16:49   ├─ /claims/UT-E04/index.html (+5ms) 
docs/evidence/m1/review/verification-approved.log:166: trailing whitespace.
+22:16:49   ├─ /claims/UT-E05/index.html (+4ms) 
docs/evidence/m1/review/verification-approved.log:167: trailing whitespace.
+22:16:49   ├─ /claims/UT-E06/index.html (+6ms) 
docs/evidence/m1/review/verification-approved.log:168: trailing whitespace.
+22:16:49   ├─ /claims/UT-E07/index.html (+3ms) 
docs/evidence/m1/review/verification-approved.log:169: trailing whitespace.
+22:16:49   ├─ /claims/UT-E08/index.html (+3ms) 
docs/evidence/m1/review/verification-approved.log:170: trailing whitespace.
+22:16:49   ├─ /claims/UT-E09/index.html (+6ms) 
docs/evidence/m1/review/verification-approved.log:171: trailing whitespace.
+22:16:49   ├─ /claims/UT-E10/index.html (+13ms) 
docs/evidence/m1/review/verification-approved.log:172: trailing whitespace.
+22:16:49   ├─ /claims/UT-E11/index.html (+9ms) 
docs/evidence/m1/review/verification-approved.log:173: trailing whitespace.
+22:16:49   ├─ /claims/UT-E12/index.html (+8ms) 
docs/evidence/m1/review/verification-approved.log:228: trailing whitespace.
+ generating static routes 
docs/evidence/m1/review/verification-approved.log:229: trailing whitespace.
+22:17:06   ├─ /404.html (+16ms) 
docs/evidence/m1/review/verification-approved.log:230: trailing whitespace.
+22:17:06   ├─ /fixtures/math/index.html (+61ms) 
docs/evidence/m1/review/verification-approved.log:231: trailing whitespace.
+22:17:06   ├─ /references/index.html (+5ms) 
docs/evidence/m1/review/verification-approved.log:232: trailing whitespace.
+22:17:06   ├─ /start/index.html (+9ms) 
docs/evidence/m1/review/verification-approved.log:233: trailing whitespace.
+22:17:06   ├─ /index.html (+30ms) 
docs/evidence/m1/review/verification-approved.log:234: trailing whitespace.
+22:17:06   ├─ /research-status/index.html (+23ms) 
docs/evidence/m1/review/verification-approved.log:235: trailing whitespace.
+22:17:07   ├─ /research-status/proof-matrix/index.html (+11ms) 
docs/evidence/m1/review/verification-approved.log:236: trailing whitespace.
+22:17:07   ├─ /concepts/geometry-and-modes/index.html (+4ms) 
docs/evidence/m1/review/verification-approved.log:237: trailing whitespace.
+22:17:07   ├─ /claims/UT-D01/index.html (+5ms) 
docs/evidence/m1/review/verification-approved.log:238: trailing whitespace.
+22:17:07   ├─ /claims/UT-D02/index.html (+4ms) 
docs/evidence/m1/review/verification-approved.log:239: trailing whitespace.
+22:17:07   ├─ /claims/UT-D03/index.html (+9ms) 
docs/evidence/m1/review/verification-approved.log:240: trailing whitespace.
+22:17:07   ├─ /claims/UT-D04/index.html (+3ms) 
docs/evidence/m1/review/verification-approved.log:241: trailing whitespace.
+22:17:07   ├─ /claims/UT-D05/index.html (+5ms) 
docs/evidence/m1/review/verification-approved.log:242: trailing whitespace.
+22:17:07   ├─ /claims/UT-D06/index.html (+9ms) 
docs/evidence/m1/review/verification-approved.log:243: trailing whitespace.
+22:17:07   ├─ /claims/UT-D07/index.html (+3ms) 
docs/evidence/m1/review/verification-approved.log:244: trailing whitespace.
+22:17:07   ├─ /claims/UT-D08/index.html (+10ms) 
docs/evidence/m1/review/verification-approved.log:245: trailing whitespace.
+22:17:07   ├─ /claims/UT-D09/index.html (+9ms) 
docs/evidence/m1/review/verification-approved.log:246: trailing whitespace.
+22:17:07   ├─ /claims/UT-C01/index.html (+8ms) 
docs/evidence/m1/review/verification-approved.log:247: trailing whitespace.
+22:17:07   ├─ /claims/UT-C02/index.html (+2ms) 
docs/evidence/m1/review/verification-approved.log:248: trailing whitespace.
+22:17:07   ├─ /claims/UT-O01/index.html (+4ms) 
docs/evidence/m1/review/verification-approved.log:249: trailing whitespace.
+22:17:07   ├─ /claims/UT-O02/index.html (+3ms) 
docs/evidence/m1/review/verification-approved.log:250: trailing whitespace.
+22:17:07   ├─ /claims/UT-O03/index.html (+2ms) 
docs/evidence/m1/review/verification-approved.log:251: trailing whitespace.
+22:17:07   ├─ /claims/UT-O04/index.html (+2ms) 
docs/evidence/m1/review/verification-approved.log:252: trailing whitespace.
+22:17:07   ├─ /claims/UT-O05/index.html (+2ms) 
docs/evidence/m1/review/verification-approved.log:253: trailing whitespace.
+22:17:07   ├─ /claims/UT-O06/index.html (+4ms) 
docs/evidence/m1/review/verification-approved.log:254: trailing whitespace.
+22:17:07   ├─ /claims/UT-E01/index.html (+5ms) 
docs/evidence/m1/review/verification-approved.log:255: trailing whitespace.
+22:17:07   ├─ /claims/UT-E02/index.html (+44ms) 
docs/evidence/m1/review/verification-approved.log:256: trailing whitespace.
+22:17:07   ├─ /claims/UT-E03/index.html (+14ms) 
docs/evidence/m1/review/verification-approved.log:257: trailing whitespace.
+22:17:07   ├─ /claims/UT-E04/index.html (+4ms) 
docs/evidence/m1/review/verification-approved.log:258: trailing whitespace.
+22:17:07   ├─ /claims/UT-E05/index.html (+3ms) 
docs/evidence/m1/review/verification-approved.log:259: trailing whitespace.
+22:17:07   ├─ /claims/UT-E06/index.html (+5ms) 
docs/evidence/m1/review/verification-approved.log:260: trailing whitespace.
+22:17:07   ├─ /claims/UT-E07/index.html (+7ms) 
docs/evidence/m1/review/verification-approved.log:261: trailing whitespace.
+22:17:07   ├─ /claims/UT-E08/index.html (+3ms) 
docs/evidence/m1/review/verification-approved.log:262: trailing whitespace.
+22:17:07   ├─ /claims/UT-E09/index.html (+2ms) 
docs/evidence/m1/review/verification-approved.log:263: trailing whitespace.
+22:17:07   ├─ /claims/UT-E10/index.html (+7ms) 
docs/evidence/m1/review/verification-approved.log:264: trailing whitespace.
+22:17:07   ├─ /claims/UT-E11/index.html (+6ms) 
docs/evidence/m1/review/verification-approved.log:265: trailing whitespace.
+22:17:07   ├─ /claims/UT-E12/index.html (+27ms) 
docs/evidence/m1/second-browser/traces/root/reading-M1-source-bound-co-76fb2-d-pending-review-without-JS/error-context.md:196: trailing whitespace.
+  6   | 
docs/evidence/m1/second-browser/traces/root/reading-M1-source-bound-co-76fb2-d-pending-review-without-JS/error-context.md:215: trailing whitespace.
+  25  | 
docs/evidence/m1/second-browser/traces/root/reading-M1-source-bound-co-76fb2-d-pending-review-without-JS/error-context.md:242: trailing whitespace.
+  52  | 
docs/evidence/m1/second-browser/traces/root/reading-M1-source-bound-co-76fb2-d-pending-review-without-JS/error-context.md:249: trailing whitespace.
+  59  | 
docs/evidence/m1/second-browser/traces/root/reading-M1-source-bound-co-76fb2-d-pending-review-without-JS/error-context.md:263: trailing whitespace.
+  73  | 
docs/evidence/m1/second-browser/traces/root/reading-M1-source-bound-co-76fb2-d-pending-review-without-JS/error-context.md:264: trailing whitespace.
+  74  | 
docs/evidence/m1/second-browser/traces/root/reading-M1-source-bound-co-76fb2-d-pending-review-without-JS/error-context.md:292: trailing whitespace.
+  101 | 
docs/evidence/m1/second-browser/traces/root/reading-M1-source-bound-co-76fb2-d-pending-review-without-JS/error-context.md:306: trailing whitespace.
+  115 | 
docs/evidence/m1/second-browser/verification-approved.log:15: trailing whitespace.
+Result (39 files): 
docs/evidence/m1/second-browser/verification-approved.log:109: trailing whitespace.
+ generating static routes 
docs/evidence/m1/second-browser/verification-approved.log:110: trailing whitespace.
+19:13:14   ├─ /404.html (+12ms) 
docs/evidence/m1/second-browser/verification-approved.log:111: trailing whitespace.
+19:13:14   ├─ /claims/UT-D01/index.html (+70ms) 
docs/evidence/m1/second-browser/verification-approved.log:112: trailing whitespace.
+19:13:14   ├─ /claims/UT-D02/index.html (+55ms) 
docs/evidence/m1/second-browser/verification-approved.log:113: trailing whitespace.
+19:13:14   ├─ /claims/UT-D03/index.html (+56ms) 
docs/evidence/m1/second-browser/verification-approved.log:114: trailing whitespace.
+19:13:15   ├─ /claims/UT-D04/index.html (+54ms) 
docs/evidence/m1/second-browser/verification-approved.log:115: trailing whitespace.
+19:13:15   ├─ /claims/UT-D05/index.html (+50ms) 
docs/evidence/m1/second-browser/verification-approved.log:116: trailing whitespace.
+19:13:15   ├─ /claims/UT-D06/index.html (+51ms) 
docs/evidence/m1/second-browser/verification-approved.log:117: trailing whitespace.
+19:13:15   ├─ /claims/UT-D07/index.html (+56ms) 
docs/evidence/m1/second-browser/verification-approved.log:118: trailing whitespace.
+19:13:15   ├─ /claims/UT-D08/index.html (+54ms) 
docs/evidence/m1/second-browser/verification-approved.log:119: trailing whitespace.
+19:13:15   ├─ /claims/UT-D09/index.html (+49ms) 
docs/evidence/m1/second-browser/verification-approved.log:120: trailing whitespace.
+19:13:15   ├─ /claims/UT-C01/index.html (+51ms) 
docs/evidence/m1/second-browser/verification-approved.log:121: trailing whitespace.
+19:13:15   ├─ /claims/UT-C02/index.html (+49ms) 
docs/evidence/m1/second-browser/verification-approved.log:122: trailing whitespace.
+19:13:15   ├─ /claims/UT-O01/index.html (+48ms) 
docs/evidence/m1/second-browser/verification-approved.log:123: trailing whitespace.
+19:13:15   ├─ /claims/UT-O02/index.html (+46ms) 
docs/evidence/m1/second-browser/verification-approved.log:124: trailing whitespace.
+19:13:15   ├─ /claims/UT-O03/index.html (+48ms) 
docs/evidence/m1/second-browser/verification-approved.log:125: trailing whitespace.
+19:13:15   ├─ /claims/UT-O04/index.html (+47ms) 
docs/evidence/m1/second-browser/verification-approved.log:126: trailing whitespace.
+19:13:15   ├─ /claims/UT-O05/index.html (+49ms) 
docs/evidence/m1/second-browser/verification-approved.log:127: trailing whitespace.
+19:13:15   ├─ /claims/UT-O06/index.html (+49ms) 
docs/evidence/m1/second-browser/verification-approved.log:128: trailing whitespace.
+19:13:15   ├─ /claims/UT-E01/index.html (+49ms) 
docs/evidence/m1/second-browser/verification-approved.log:129: trailing whitespace.
+19:13:15   ├─ /claims/UT-E02/index.html (+50ms) 
docs/evidence/m1/second-browser/verification-approved.log:130: trailing whitespace.
+19:13:15   ├─ /claims/UT-E03/index.html (+45ms) 
docs/evidence/m1/second-browser/verification-approved.log:131: trailing whitespace.
+19:13:15   ├─ /claims/UT-E04/index.html (+45ms) 
docs/evidence/m1/second-browser/verification-approved.log:132: trailing whitespace.
+19:13:15   ├─ /claims/UT-E05/index.html (+45ms) 
docs/evidence/m1/second-browser/verification-approved.log:133: trailing whitespace.
+19:13:15   ├─ /claims/UT-E06/index.html (+51ms) 
docs/evidence/m1/second-browser/verification-approved.log:134: trailing whitespace.
+19:13:15   ├─ /claims/UT-E07/index.html (+48ms) 
docs/evidence/m1/second-browser/verification-approved.log:135: trailing whitespace.
+19:13:16   ├─ /claims/UT-E08/index.html (+50ms) 
docs/evidence/m1/second-browser/verification-approved.log:136: trailing whitespace.
+19:13:16   ├─ /claims/UT-E09/index.html (+44ms) 
docs/evidence/m1/second-browser/verification-approved.log:137: trailing whitespace.
+19:13:16   ├─ /claims/UT-E10/index.html (+49ms) 
docs/evidence/m1/second-browser/verification-approved.log:138: trailing whitespace.
+19:13:16   ├─ /claims/UT-E11/index.html (+47ms) 
docs/evidence/m1/second-browser/verification-approved.log:139: trailing whitespace.
+19:13:16   ├─ /claims/UT-E12/index.html (+47ms) 
docs/evidence/m1/second-browser/verification-approved.log:140: trailing whitespace.
+19:13:16   ├─ /fixtures/math/index.html (+9ms) 
docs/evidence/m1/second-browser/verification-approved.log:141: trailing whitespace.
+19:13:16   ├─ /references/index.html (+48ms) 
docs/evidence/m1/second-browser/verification-approved.log:142: trailing whitespace.
+19:13:16   ├─ /start/index.html (+50ms) 
docs/evidence/m1/second-browser/verification-approved.log:143: trailing whitespace.
+19:13:16   ├─ /index.html (+53ms) 
docs/evidence/m1/second-browser/verification-approved.log:144: trailing whitespace.
+19:13:16   ├─ /research-status/index.html (+49ms) 
docs/evidence/m1/second-browser/verification-approved.log:145: trailing whitespace.
+19:13:16   ├─ /research-status/proof-matrix/index.html (+55ms) 
docs/evidence/m1/second-browser/verification-approved.log:146: trailing whitespace.
+19:13:16   ├─ /concepts/geometry-and-modes/index.html (+47ms) 
docs/evidence/m1/second-browser/verification-approved.log:181: trailing whitespace.
+  1) tests/e2e/reading.spec.ts:75:1 › M1 source-bound consumers retain status distinctions, source text, citations and pending review without JS 
docs/evidence/m1/second-browser/verification-approved.log:217: trailing whitespace.
+    tests/e2e/reading.spec.ts:75:1 › M1 source-bound consumers retain status distinctions, source text, citations and pending review without JS 
docs/evidence/m1/verification-approved.log:17: trailing whitespace.
+Result (39 files): 
docs/evidence/m1/verification-approved.log:114: trailing whitespace.
+ generating static routes 
docs/evidence/m1/verification-approved.log:115: trailing whitespace.
+19:43:48   ├─ /404.html (+77ms) 
docs/evidence/m1/verification-approved.log:116: trailing whitespace.
+19:43:48   ├─ /claims/UT-D01/index.html (+122ms) 
docs/evidence/m1/verification-approved.log:117: trailing whitespace.
+19:43:48   ├─ /claims/UT-D02/index.html (+101ms) 
docs/evidence/m1/verification-approved.log:118: trailing whitespace.
+19:43:48   ├─ /claims/UT-D03/index.html (+111ms) 
docs/evidence/m1/verification-approved.log:119: trailing whitespace.
+19:43:48   ├─ /claims/UT-D04/index.html (+99ms) 
docs/evidence/m1/verification-approved.log:120: trailing whitespace.
+19:43:49   ├─ /claims/UT-D05/index.html (+101ms) 
docs/evidence/m1/verification-approved.log:121: trailing whitespace.
+19:43:49   ├─ /claims/UT-D06/index.html (+103ms) 
docs/evidence/m1/verification-approved.log:122: trailing whitespace.
+19:43:49   ├─ /claims/UT-D07/index.html (+105ms) 
docs/evidence/m1/verification-approved.log:123: trailing whitespace.
+19:43:49   ├─ /claims/UT-D08/index.html (+100ms) 
docs/evidence/m1/verification-approved.log:124: trailing whitespace.
+19:43:49   ├─ /claims/UT-D09/index.html (+93ms) 
docs/evidence/m1/verification-approved.log:125: trailing whitespace.
+19:43:49   ├─ /claims/UT-C01/index.html (+101ms) 
docs/evidence/m1/verification-approved.log:126: trailing whitespace.
+19:43:49   ├─ /claims/UT-C02/index.html (+115ms) 
docs/evidence/m1/verification-approved.log:127: trailing whitespace.
+19:43:49   ├─ /claims/UT-O01/index.html (+141ms) 
docs/evidence/m1/verification-approved.log:128: trailing whitespace.
+19:43:49   ├─ /claims/UT-O02/index.html (+136ms) 
docs/evidence/m1/verification-approved.log:129: trailing whitespace.
+19:43:50   ├─ /claims/UT-O03/index.html (+175ms) 
docs/evidence/m1/verification-approved.log:130: trailing whitespace.
+19:43:50   ├─ /claims/UT-O04/index.html (+113ms) 
docs/evidence/m1/verification-approved.log:131: trailing whitespace.
+19:43:50   ├─ /claims/UT-O05/index.html (+116ms) 
docs/evidence/m1/verification-approved.log:132: trailing whitespace.
+19:43:50   ├─ /claims/UT-O06/index.html (+106ms) 
docs/evidence/m1/verification-approved.log:133: trailing whitespace.
+19:43:50   ├─ /claims/UT-E01/index.html (+138ms) 
docs/evidence/m1/verification-approved.log:134: trailing whitespace.
+19:43:50   ├─ /claims/UT-E02/index.html (+118ms) 
docs/evidence/m1/verification-approved.log:135: trailing whitespace.
+19:43:50   ├─ /claims/UT-E03/index.html (+115ms) 
docs/evidence/m1/verification-approved.log:136: trailing whitespace.
+19:43:50   ├─ /claims/UT-E04/index.html (+129ms) 
docs/evidence/m1/verification-approved.log:137: trailing whitespace.
+19:43:51   ├─ /claims/UT-E05/index.html (+114ms) 
docs/evidence/m1/verification-approved.log:138: trailing whitespace.
+19:43:51   ├─ /claims/UT-E06/index.html (+112ms) 
docs/evidence/m1/verification-approved.log:139: trailing whitespace.
+19:43:51   ├─ /claims/UT-E07/index.html (+136ms) 
docs/evidence/m1/verification-approved.log:140: trailing whitespace.
+19:43:51   ├─ /claims/UT-E08/index.html (+123ms) 
docs/evidence/m1/verification-approved.log:141: trailing whitespace.
+19:43:51   ├─ /claims/UT-E09/index.html (+195ms) 
docs/evidence/m1/verification-approved.log:142: trailing whitespace.
+19:43:51   ├─ /claims/UT-E10/index.html (+202ms) 
docs/evidence/m1/verification-approved.log:143: trailing whitespace.
+19:43:51   ├─ /claims/UT-E11/index.html (+120ms) 
docs/evidence/m1/verification-approved.log:144: trailing whitespace.
+19:43:52   ├─ /claims/UT-E12/index.html (+145ms) 
docs/evidence/m1/verification-approved.log:145: trailing whitespace.
+19:43:52   ├─ /fixtures/math/index.html (+91ms) 
docs/evidence/m1/verification-approved.log:146: trailing whitespace.
+19:43:52   ├─ /references/index.html (+119ms) 
docs/evidence/m1/verification-approved.log:147: trailing whitespace.
+19:43:52   ├─ /start/index.html (+160ms) 
docs/evidence/m1/verification-approved.log:148: trailing whitespace.
+19:43:52   ├─ /index.html (+216ms) 
docs/evidence/m1/verification-approved.log:149: trailing whitespace.
+19:43:52   ├─ /research-status/index.html (+137ms) 
docs/evidence/m1/verification-approved.log:150: trailing whitespace.
+19:43:52   ├─ /research-status/proof-matrix/index.html (+167ms) 
docs/evidence/m1/verification-approved.log:151: trailing whitespace.
+19:43:53   ├─ /concepts/geometry-and-modes/index.html (+127ms) 
docs/evidence/m1/verification-approved.log:205: trailing whitespace.
+ generating static routes 
docs/evidence/m1/verification-approved.log:206: trailing whitespace.
+19:44:06   ├─ /404.html (+59ms) 
docs/evidence/m1/verification-approved.log:207: trailing whitespace.
+19:44:06   ├─ /claims/UT-D01/index.html (+135ms) 
docs/evidence/m1/verification-approved.log:208: trailing whitespace.
+19:44:06   ├─ /claims/UT-D02/index.html (+96ms) 
docs/evidence/m1/verification-approved.log:209: trailing whitespace.
+19:44:06   ├─ /claims/UT-D03/index.html (+110ms) 
docs/evidence/m1/verification-approved.log:210: trailing whitespace.
+19:44:06   ├─ /claims/UT-D04/index.html (+109ms) 
docs/evidence/m1/verification-approved.log:211: trailing whitespace.
+19:44:06   ├─ /claims/UT-D05/index.html (+107ms) 
docs/evidence/m1/verification-approved.log:212: trailing whitespace.
+19:44:06   ├─ /claims/UT-D06/index.html (+113ms) 
docs/evidence/m1/verification-approved.log:213: trailing whitespace.
+19:44:06   ├─ /claims/UT-D07/index.html (+103ms) 
docs/evidence/m1/verification-approved.log:214: trailing whitespace.
+19:44:06   ├─ /claims/UT-D08/index.html (+122ms) 
docs/evidence/m1/verification-approved.log:215: trailing whitespace.
+19:44:07   ├─ /claims/UT-D09/index.html (+93ms) 
docs/evidence/m1/verification-approved.log:216: trailing whitespace.
+19:44:07   ├─ /claims/UT-C01/index.html (+108ms) 
docs/evidence/m1/verification-approved.log:217: trailing whitespace.
+19:44:07   ├─ /claims/UT-C02/index.html (+97ms) 
docs/evidence/m1/verification-approved.log:218: trailing whitespace.
+19:44:07   ├─ /claims/UT-O01/index.html (+114ms) 
docs/evidence/m1/verification-approved.log:219: trailing whitespace.
+19:44:07   ├─ /claims/UT-O02/index.html (+104ms) 
docs/evidence/m1/verification-approved.log:220: trailing whitespace.
+19:44:07   ├─ /claims/UT-O03/index.html (+112ms) 
docs/evidence/m1/verification-approved.log:221: trailing whitespace.
+19:44:07   ├─ /claims/UT-O04/index.html (+103ms) 
docs/evidence/m1/verification-approved.log:222: trailing whitespace.
+19:44:07   ├─ /claims/UT-O05/index.html (+101ms) 
docs/evidence/m1/verification-approved.log:223: trailing whitespace.
+19:44:07   ├─ /claims/UT-O06/index.html (+97ms) 
docs/evidence/m1/verification-approved.log:224: trailing whitespace.
+19:44:08   ├─ /claims/UT-E01/index.html (+102ms) 
docs/evidence/m1/verification-approved.log:225: trailing whitespace.
+19:44:08   ├─ /claims/UT-E02/index.html (+90ms) 
docs/evidence/m1/verification-approved.log:226: trailing whitespace.
+19:44:08   ├─ /claims/UT-E03/index.html (+93ms) 
docs/evidence/m1/verification-approved.log:227: trailing whitespace.
+19:44:08   ├─ /claims/UT-E04/index.html (+97ms) 
docs/evidence/m1/verification-approved.log:228: trailing whitespace.
+19:44:08   ├─ /claims/UT-E05/index.html (+93ms) 
docs/evidence/m1/verification-approved.log:229: trailing whitespace.
+19:44:08   ├─ /claims/UT-E06/index.html (+98ms) 
docs/evidence/m1/verification-approved.log:230: trailing whitespace.
+19:44:08   ├─ /claims/UT-E07/index.html (+95ms) 
docs/evidence/m1/verification-approved.log:231: trailing whitespace.
+19:44:08   ├─ /claims/UT-E08/index.html (+93ms) 
docs/evidence/m1/verification-approved.log:232: trailing whitespace.
+19:44:08   ├─ /claims/UT-E09/index.html (+107ms) 
docs/evidence/m1/verification-approved.log:233: trailing whitespace.
+19:44:08   ├─ /claims/UT-E10/index.html (+115ms) 
docs/evidence/m1/verification-approved.log:234: trailing whitespace.
+19:44:08   ├─ /claims/UT-E11/index.html (+102ms) 
docs/evidence/m1/verification-approved.log:235: trailing whitespace.
+19:44:09   ├─ /claims/UT-E12/index.html (+121ms) 
docs/evidence/m1/verification-approved.log:236: trailing whitespace.
+19:44:09   ├─ /fixtures/math/index.html (+99ms) 
docs/evidence/m1/verification-approved.log:237: trailing whitespace.
+19:44:09   ├─ /references/index.html (+100ms) 
docs/evidence/m1/verification-approved.log:238: trailing whitespace.
+19:44:09   ├─ /start/index.html (+108ms) 
docs/evidence/m1/verification-approved.log:239: trailing whitespace.
+19:44:09   ├─ /index.html (+157ms) 
docs/evidence/m1/verification-approved.log:240: trailing whitespace.
+19:44:09   ├─ /research-status/index.html (+92ms) 
docs/evidence/m1/verification-approved.log:241: trailing whitespace.
+19:44:09   ├─ /research-status/proof-matrix/index.html (+111ms) 
docs/evidence/m1/verification-approved.log:242: trailing whitespace.
+19:44:09   ├─ /concepts/geometry-and-modes/index.html (+97ms) 
research/RRG_CURRENT/00_LOCKED_CORE.md:3: trailing whitespace.
+**Status:** normative core.  
research/RRG_CURRENT/01_world_explanation.md:699: new blank line at EOF.
research/RRG_CURRENT/02_scientific_framework.md:662: trailing whitespace.
+1. Perich, Narain & Gallego, **“A neural manifold view of the brain”**, *Nature Neuroscience* 28, 1582–1597 (2025).  
research/RRG_CURRENT/02_scientific_framework.md:665: trailing whitespace.
+2. Heuthe et al., **“Tunable colloidal swarmalators with hydrodynamic coupling”**, *Nature Communications* 16, 10984 (2025).  
research/RRG_CURRENT/02_scientific_framework.md:668: trailing whitespace.
+3. O’Keeffe, Hong & Strogatz, **“Oscillators that sync and swarm”**, *Nature Communications* 8, 1504 (2017).  
research/RRG_CURRENT/02_scientific_framework.md:671: trailing whitespace.
+4. Haken / Synergetics discussion: **“Synergetics’ two foundations and the city”**, *European Physical Journal Special Topics* (2025).  
research/RRG_CURRENT/02_scientific_framework.md:674: trailing whitespace.
+5. Isidori, Wilsch & Wyler, **“The Standard Model effective field theory at work”**, *Reviews of Modern Physics* 96, 015006 (2024).  
research/RRG_CURRENT/02_scientific_framework.md:677: trailing whitespace.
+6. Metzner et al., **“Functional renormalization group approach to correlated fermion systems”**, *Reviews of Modern Physics* 84, 299 (2012).  
research/RRG_CURRENT/02_scientific_framework.md:680: trailing whitespace.
+7. Muljarov, **“Rigorous Theory of Coupled Resonators”**, *Physical Review Letters* 136, 023801 (2026).  
research/RRG_CURRENT/02_scientific_framework.md:683: trailing whitespace.
+8. Büscher & Emig, **“Geometry and Spectrum of Casimir Forces”**, *Physical Review Letters* 94, 133901 (2005).  
research/RRG_CURRENT/02_scientific_framework.md:686: trailing whitespace.
+9. Hordijk, Hein & Steel, **“Autocatalytic Sets and the Origin of Life”**, *Entropy* 12, 1733–1742 (2010).  
research/RRG_CURRENT/02_scientific_framework.md:689: trailing whitespace.
+10. Hordijk, Steel & Kauffman-related review, **“Autocatalytic Networks at the Basis of Life’s Origin and Organization”**, *Life* 8, 62 (2018).  
research/RRG_CURRENT/03_mathematical_core.md:1353: new blank line at EOF.
research/RRG_CURRENT/07_EMERGENT_INTERACTION_EVIDENCE.md:63: trailing whitespace.
+X. H. Zheng & D. G. Walmsley, *Physical Review B* 71, 134512 (2005).  
research/RRG_CURRENT/07_EMERGENT_INTERACTION_EVIDENCE.md:100: trailing whitespace.
+Castelnovo, Moessner & Sondhi, *Nature* 451, 42–45 (2008).  
research/RRG_CURRENT/07_EMERGENT_INTERACTION_EVIDENCE.md:103: trailing whitespace.
+Bramwell et al., *Nature* 461, 956–959 (2009).  
research/RRG_CURRENT/07_EMERGENT_INTERACTION_EVIDENCE.md:106: trailing whitespace.
+Mengotti et al., *Nature Physics* 7, 68–74 (2011).  
research/RRG_CURRENT/07_EMERGENT_INTERACTION_EVIDENCE.md:150: trailing whitespace.
+CERN, “The origins of the Brout–Englert–Higgs mechanism”:  
research/RRG_CURRENT/07_EMERGENT_INTERACTION_EVIDENCE.md:153: trailing whitespace.
+CERN, “What’s so special about the Higgs boson?”:  
research/RRG_CURRENT/07_EMERGENT_INTERACTION_EVIDENCE.md:213: new blank line at EOF.
research/RRG_CURRENT/08_ADDITIONAL_PRIMARY_EVIDENCE.md:3: trailing whitespace.
+**Date:** 2026-09-30  
research/RRG_CURRENT/08_ADDITIONAL_PRIMARY_EVIDENCE.md:4: trailing whitespace.
+**Target:** existing RRG v0.2 locked core.  
research/RRG_CURRENT/08_ADDITIONAL_PRIMARY_EVIDENCE.md:5: trailing whitespace.
+**Core-definition changes:** none.  
research/RRG_CURRENT/08_ADDITIONAL_PRIMARY_EVIDENCE.md:19: trailing whitespace.
+**Formation of optical supramolecular structures in a fibre laser by tailoring long-range soliton interactions**  
research/RRG_CURRENT/08_ADDITIONAL_PRIMARY_EVIDENCE.md:22: trailing whitespace.
+**Classification:** supports core / domain-specific realization.  
research/RRG_CURRENT/08_ADDITIONAL_PRIMARY_EVIDENCE.md:23: trailing whitespace.
+**Evidence:** Experiment with theoretical modelling.  
research/RRG_CURRENT/08_ADDITIONAL_PRIMARY_EVIDENCE.md:30: trailing whitespace.
+**Checked:** Full primary paper and supplementary text; Figure 3 inspected as a rendered page.  
research/RRG_CURRENT/08_ADDITIONAL_PRIMARY_EVIDENCE.md:31: trailing whitespace.
+**Location:** Main paper: Results, Elementary diversity; Figures 1 and 3; Supplementary Note 8.  
research/RRG_CURRENT/08_ADDITIONAL_PRIMARY_EVIDENCE.md:37: trailing whitespace.
+**Heteronuclear soliton molecules in optical microresonators**  
research/RRG_CURRENT/08_ADDITIONAL_PRIMARY_EVIDENCE.md:40: trailing whitespace.
+**Classification:** supports core / domain-specific realization.  
research/RRG_CURRENT/08_ADDITIONAL_PRIMARY_EVIDENCE.md:41: trailing whitespace.
+**Evidence:** Experiment with theoretical modelling.  
research/RRG_CURRENT/08_ADDITIONAL_PRIMARY_EVIDENCE.md:48: trailing whitespace.
+**Checked:** Full primary author manuscript, cross-checked against publisher record.  
research/RRG_CURRENT/08_ADDITIONAL_PRIMARY_EVIDENCE.md:49: trailing whitespace.
+**Location:** Introduction; Figures 1–4; electro-optic measurements and coupled Lugiato–Lefever modelling.  
research/RRG_CURRENT/08_ADDITIONAL_PRIMARY_EVIDENCE.md:55: trailing whitespace.
+**Mechanochemical feedback loop drives persistent motion of liposomes**  
research/RRG_CURRENT/08_ADDITIONAL_PRIMARY_EVIDENCE.md:58: trailing whitespace.
+**Classification:** supports core / domain-specific realization.  
research/RRG_CURRENT/08_ADDITIONAL_PRIMARY_EVIDENCE.md:59: trailing whitespace.
+**Evidence:** Experiment plus reduced mechanochemical model.  
research/RRG_CURRENT/08_ADDITIONAL_PRIMARY_EVIDENCE.md:66: trailing whitespace.
+**Checked:** Full primary article, methods and figure descriptions.  
research/RRG_CURRENT/08_ADDITIONAL_PRIMARY_EVIDENCE.md:67: trailing whitespace.
+**Location:** Figures 1–4; Extended Data Figures 6–8; Results on geometry-sensitive protein redistribution.  
research/RRG_CURRENT/08_ADDITIONAL_PRIMARY_EVIDENCE.md:73: trailing whitespace.
+**De novo synthesized Min proteins drive oscillatory liposome deformation and regulate FtsA–FtsZ cytoskeletal patterns**  
research/RRG_CURRENT/08_ADDITIONAL_PRIMARY_EVIDENCE.md:76: trailing whitespace.
+**Classification:** supports core / domain-specific realization.  
research/RRG_CURRENT/08_ADDITIONAL_PRIMARY_EVIDENCE.md:77: trailing whitespace.
+**Evidence:** Experiment.  
research/RRG_CURRENT/08_ADDITIONAL_PRIMARY_EVIDENCE.md:84: trailing whitespace.
+**Checked:** Full primary article and figure descriptions.  
research/RRG_CURRENT/08_ADDITIONAL_PRIMARY_EVIDENCE.md:85: trailing whitespace.
+**Location:** Abstract and Results on cell-free Min expression, membrane deformation and FtsA–FtsZ organization.  
research/RRG_CURRENT/08_ADDITIONAL_PRIMARY_EVIDENCE.md:91: trailing whitespace.
+**Ion channels enable electrical communication in bacterial communities**  
research/RRG_CURRENT/08_ADDITIONAL_PRIMARY_EVIDENCE.md:94: trailing whitespace.
+**Classification:** supports core / domain-specific realization.  
research/RRG_CURRENT/08_ADDITIONAL_PRIMARY_EVIDENCE.md:95: trailing whitespace.
+**Evidence:** Experiment with interventions.  
research/RRG_CURRENT/08_ADDITIONAL_PRIMARY_EVIDENCE.md:102: trailing whitespace.
+**Checked:** Primary publisher text and extended-data figure descriptions.  
research/RRG_CURRENT/08_ADDITIONAL_PRIMARY_EVIDENCE.md:103: trailing whitespace.
+**Location:** Electrical signalling mechanism; Extended Data Figure 3, potassium-clamp intervention.  
research/RRG_CURRENT/08_ADDITIONAL_PRIMARY_EVIDENCE.md:109: trailing whitespace.
+**Coupling between distant biofilms and emergence of nutrient time-sharing**  
research/RRG_CURRENT/08_ADDITIONAL_PRIMARY_EVIDENCE.md:112: trailing whitespace.
+**Classification:** supports core / domain-specific realization.  
research/RRG_CURRENT/08_ADDITIONAL_PRIMARY_EVIDENCE.md:113: trailing whitespace.
+**Evidence:** Experiment testing a coupled-oscillator prediction.  
research/RRG_CURRENT/08_ADDITIONAL_PRIMARY_EVIDENCE.md:120: trailing whitespace.
+**Checked:** Primary abstract and detailed figure captions reproduced in PubMed; full manuscript was not accessible.  
research/RRG_CURRENT/08_ADDITIONAL_PRIMARY_EVIDENCE.md:121: trailing whitespace.
+**Location:** Abstract; Figures 1–3, especially phase diagrams and experimental validations in Figure 2.  
research/RRG_CURRENT/08_ADDITIONAL_PRIMARY_EVIDENCE.md:127: trailing whitespace.
+**Fractal assembly of micrometre-scale DNA origami arrays with arbitrary patterns**  
research/RRG_CURRENT/08_ADDITIONAL_PRIMARY_EVIDENCE.md:130: trailing whitespace.
+**Classification:** supports core / domain-specific realization.  
research/RRG_CURRENT/08_ADDITIONAL_PRIMARY_EVIDENCE.md:131: trailing whitespace.
+**Evidence:** Engineered molecular self-assembly experiment.  
research/RRG_CURRENT/08_ADDITIONAL_PRIMARY_EVIDENCE.md:138: trailing whitespace.
+**Checked:** Primary abstract and accessible publisher figure descriptions; subscription full text not inspected.  
research/RRG_CURRENT/08_ADDITIONAL_PRIMARY_EVIDENCE.md:139: trailing whitespace.
+**Location:** Abstract and hierarchical assembly scheme.  
research/RRG_CURRENT/08_ADDITIONAL_PRIMARY_EVIDENCE.md:145: trailing whitespace.
+**Dicke quantum phase transition with a superfluid gas in an optical cavity**  
research/RRG_CURRENT/08_ADDITIONAL_PRIMARY_EVIDENCE.md:148: trailing whitespace.
+**Classification:** supports core / domain-specific realization.  
research/RRG_CURRENT/08_ADDITIONAL_PRIMARY_EVIDENCE.md:149: trailing whitespace.
+**Evidence:** Quantum-gas experiment with quantitative threshold comparison.  
research/RRG_CURRENT/08_ADDITIONAL_PRIMARY_EVIDENCE.md:156: trailing whitespace.
+**Checked:** Full primary author manuscript; publisher record and figure descriptions cross-checked.  
research/RRG_CURRENT/08_ADDITIONAL_PRIMARY_EVIDENCE.md:157: trailing whitespace.
+**Location:** Self-organization mechanism; Figure 5 and Methods equations 6–9.  
research/RRG_CURRENT/08_ADDITIONAL_PRIMARY_EVIDENCE.md:163: trailing whitespace.
+**Cluster synchronization and isolated desynchronization in complex networks with symmetries**  
research/RRG_CURRENT/08_ADDITIONAL_PRIMARY_EVIDENCE.md:166: trailing whitespace.
+**Classification:** supports core / domain-specific realization.  
research/RRG_CURRENT/08_ADDITIONAL_PRIMARY_EVIDENCE.md:167: trailing whitespace.
+**Evidence:** Mathematical derivation plus electro-optic experiment.  
research/RRG_CURRENT/08_ADDITIONAL_PRIMARY_EVIDENCE.md:174: trailing whitespace.
+**Checked:** Full primary author manuscript; publisher metadata cross-checked. Manuscript title differs slightly.  
research/RRG_CURRENT/08_ADDITIONAL_PRIMARY_EVIDENCE.md:175: trailing whitespace.
+**Location:** Equations 1–2; group-orbit construction; Figure 3 and block-decomposed variational equations.  
research/RRG_CURRENT/08_ADDITIONAL_PRIMARY_EVIDENCE.md:199: new blank line at EOF.
research/RRG_CURRENT/CURRENT_MANIFEST.md:3: trailing whitespace.
+**Active version:** RRG v0.2 locked + evidence updates  
research/RRG_CURRENT/CURRENT_MANIFEST.md:4: trailing whitespace.
+**Promoted to CURRENT:** 2026-10-01  
research/history/v0.1b/01_world_explanation.md:697: new blank line at EOF.
research/history/v0.1b/02_scientific_framework.md:650: trailing whitespace.
+1. Perich, Narain & Gallego, **“A neural manifold view of the brain”**, *Nature Neuroscience* 28, 1582–1597 (2025).  
research/history/v0.1b/02_scientific_framework.md:653: trailing whitespace.
+2. Heuthe et al., **“Tunable colloidal swarmalators with hydrodynamic coupling”**, *Nature Communications* 16, 10984 (2025).  
research/history/v0.1b/02_scientific_framework.md:656: trailing whitespace.
+3. O’Keeffe, Hong & Strogatz, **“Oscillators that sync and swarm”**, *Nature Communications* 8, 1504 (2017).  
research/history/v0.1b/02_scientific_framework.md:659: trailing whitespace.
+4. Haken / Synergetics discussion: **“Synergetics’ two foundations and the city”**, *European Physical Journal Special Topics* (2025).  
research/history/v0.1b/02_scientific_framework.md:662: trailing whitespace.
+5. Isidori, Wilsch & Wyler, **“The Standard Model effective field theory at work”**, *Reviews of Modern Physics* 96, 015006 (2024).  
research/history/v0.1b/02_scientific_framework.md:665: trailing whitespace.
+6. Metzner et al., **“Functional renormalization group approach to correlated fermion systems”**, *Reviews of Modern Physics* 84, 299 (2012).  
research/history/v0.1b/02_scientific_framework.md:668: trailing whitespace.
+7. Muljarov, **“Rigorous Theory of Coupled Resonators”**, *Physical Review Letters* 136, 023801 (2026).  
research/history/v0.1b/02_scientific_framework.md:671: trailing whitespace.
+8. Büscher & Emig, **“Geometry and Spectrum of Casimir Forces”**, *Physical Review Letters* 94, 133901 (2005).  
research/history/v0.1b/02_scientific_framework.md:674: trailing whitespace.
+9. Hordijk, Hein & Steel, **“Autocatalytic Sets and the Origin of Life”**, *Entropy* 12, 1733–1742 (2010).  
research/history/v0.1b/02_scientific_framework.md:677: trailing whitespace.
+10. Hordijk, Steel & Kauffman-related review, **“Autocatalytic Networks at the Basis of Life’s Origin and Organization”**, *Life* 8, 62 (2018).  
research/history/v0.1b/02_scientific_framework.md:985: new blank line at EOF.
research/history/v0.1b/03_mathematical_core.md:1351: new blank line at EOF.
research/history/v0.1b/README.md:3: trailing whitespace.
+**Status:** working hypothesis / research framework  
research/history/v0.1b/README.md:4: trailing whitespace.
+**Date:** 2026-09-30  
research/history/v0.1b/README.md:39: trailing whitespace.
+1. **[01 — World Explanation](01_world_explanation.md)**  
research/history/v0.1b/README.md:42: trailing whitespace.
+2. **[02 — Scientific Framework](02_scientific_framework.md)**  
research/history/v0.1b/README.md:45: trailing whitespace.
+3. **[03 — Mathematical Core](03_mathematical_core.md)**  
research/history/v0.1b/README.md:172: new blank line at EOF.
research/history/v0.2-audit/01_research_audit.md:3: trailing whitespace.
+**Date:** 30 September 2026  
research/history/v0.2-audit/01_research_audit.md:4: trailing whitespace.
+**Status:** literature-grounded research hypothesis, with two worked restricted mathematical examples.  
research/history/v0.2-audit/02_mathematical_results.md:3: trailing whitespace.
+**Date:** 30 September 2026.  
research/history/v0.2-audit/response_errors.csv:1: trailing whitespace.
+omega,nested_vs_direct_operator_relative_error,reduced_vs_full_response_relative_error,quadratic_approximation_response_relative_error
research/history/v0.2-audit/response_errors.csv:2: trailing whitespace.
+0.0,7.775351226701648e-17,1.533005133746058e-16,1.533005133746058e-16
research/history/v0.2-audit/response_errors.csv:3: trailing whitespace.
+0.005,1.725265675535639e-16,2.7778121604565868e-16,1.2150590603004652e-08
research/history/v0.2-audit/response_errors.csv:4: trailing whitespace.
+0.01,1.7268243047115308e-16,1.7186786497788042e-16,9.736812767851815e-08
research/history/v0.2-audit/response_errors.csv:5: trailing whitespace.
+0.015,1.7345695923481455e-16,3.066755945957006e-16,3.2953558166083725e-07
research/history/v0.2-audit/response_errors.csv:6: trailing whitespace.
+0.02,1.5500892934570193e-16,2.2977715889399165e-16,7.841633984557314e-07
research/history/v0.2-audit/response_errors.csv:7: trailing whitespace.
+0.025,1.0794266930744048e-17,1.5359966597932773e-16,1.539192021649337e-06
research/history/v0.2-audit/response_errors.csv:8: trailing whitespace.
+0.03,1.7284100241302065e-16,1.7098802360823485e-16,2.675781547069909e-06
research/history/v0.2-audit/response_errors.csv:9: trailing whitespace.
+0.035,1.5499253297380026e-16,3.460453204642694e-16,4.279085165491379e-06
research/history/v0.2-audit/response_errors.csv:10: trailing whitespace.
+0.04,2.0522020830265073e-17,2.192275421477431e-16,6.4390037807021745e-06
research/history/v0.2-audit/response_errors.csv:11: trailing whitespace.
+0.045,1.7322927105328502e-16,3.153536293627824e-16,9.250920021098287e-06
research/history/v0.2-audit/response_errors.csv:12: trailing whitespace.
+0.05,1.5508894574442416e-16,4.824403175288274e-16,1.2816410742132752e-05
research/history/v0.2-audit/response_errors.csv:13: trailing whitespace.
+0.055,1.7344208360599838e-16,3.156178608782526e-16,1.7243938006970668e-05
research/history/v0.2-audit/response_errors.csv:14: trailing whitespace.
+0.06,7.776888212849384e-17,1.7024084169462624e-16,2.2649519386158068e-05
research/history/v0.2-audit/response_errors.csv:15: trailing whitespace.
+0.065,1.7405785295476932e-16,3.405752090243376e-16,2.915737921364396e-05
research/history/v0.2-audit/response_errors.csv:16: trailing whitespace.
+0.07,1.0869743644745748e-17,2.1527778548351575e-16,3.6900583138556623e-05
research/history/v0.2-audit/response_errors.csv:17: trailing whitespace.
+0.075,7.802806909575905e-17,1.4339488486511517e-17,4.602165891600341e-05
research/history/v0.2-audit/response_errors.csv:18: trailing whitespace.
+0.08,1.5631734210023594e-16,8.504839566885378e-17,5.66732068759523e-05
research/history/v0.2-audit/response_errors.csv:19: trailing whitespace.
+0.085,7.11389294989283e-18,1.5442190837024027e-16,6.901850389444838e-05
research/history/v0.2-audit/response_errors.csv:20: trailing whitespace.
+0.09,1.76194354621312e-16,1.6966928847336942e-16,8.32321049785434e-05
research/history/v0.2-audit/response_errors.csv:21: trailing whitespace.
+0.095,1.5722187447659545e-16,2.136762013962124e-16,9.950044677446961e-05
research/history/v0.2-audit/response_errors.csv:22: trailing whitespace.
+0.1,8.217477004920102e-17,1.5112606630774373e-16,0.00011802245743346401
research/history/v0.2-audit/response_errors.csv:23: trailing whitespace.
+0.105,2.455592481058006e-17,3.764970169444113e-16,0.00013901017733312118
research/history/v0.2-audit/response_errors.csv:24: trailing whitespace.
+0.11,1.1001906019859863e-17,3.756077078811356e-16,0.0001626893951714801
research/history/v0.2-audit/response_errors.csv:25: trailing whitespace.
+0.115,7.092271116860017e-18,3.378836455001984e-16,0.00018930030395873952
research/history/v0.2-audit/response_errors.csv:26: trailing whitespace.
+0.12,1.5819753981672837e-16,3.3448525549881466e-17,0.00021909818138978943
research/history/v0.2-audit/response_errors.csv:27: trailing whitespace.
+0.125,1.1606157852189348e-17,3.339122691146444e-16,0.0002523540990794395
research/history/v0.2-audit/response_errors.csv:28: trailing whitespace.
+0.13,7.965567490859742e-17,3.0799820691037637e-16,0.00028935566512446384
research/history/v0.2-audit/response_errors.csv:29: trailing whitespace.
+0.135,1.5966822790704396e-16,1.6741535788995277e-16,0.0003304078044479747
research/history/v0.2-audit/response_errors.csv:30: trailing whitespace.
+0.14,7.476057065309587e-18,1.4859498229187626e-16,0.00037583358143138834
research/history/v0.2-audit/response_errors.csv:31: trailing whitespace.
+0.145,1.5998336307902662e-16,2.9679077705036875e-16,0.00042597506937348015
research/history/v0.2-audit/response_errors.csv:32: trailing whitespace.
+0.15,1.80881789648156e-16,2.6922367122400453e-17,0.000481194271426729
research/history/v0.2-audit/response_errors.csv:33: trailing whitespace.
+0.155,1.607306281609323e-16,1.6919254700788828e-16,0.0005418740977675396
research/history/v0.2-audit/response_errors.csv:34: trailing whitespace.
+0.16,8.68309621962574e-17,1.4755424420938208e-16,0.000608419403946492
research/history/v0.2-audit/response_errors.csv:35: trailing whitespace.
+0.165,8.154630440927093e-17,4.144357011265038e-16,0.0006812580955515673
research/history/v0.2-audit/response_errors.csv:36: trailing whitespace.
+0.17,1.6675831967574674e-16,3.0127341118532084e-16,0.0007608423045840971
research/history/v0.2-audit/response_errors.csv:37: trailing whitespace.
+0.17500000000000002,3.408019670251375e-17,1.6825934542881102e-16,0.0008476496432398814
research/history/v0.2-audit/response_errors.csv:38: trailing whitespace.
+0.18,1.8259791351069037e-16,2.1137988871408633e-16,0.0009421845411354525
research/history/v0.2-audit/response_errors.csv:39: trailing whitespace.
+0.185,8.385355727788255e-17,3.2403604824068745e-16,0.0010449796724131134
research/history/v0.2-audit/response_errors.csv:40: trailing whitespace.
+0.19,1.8853484516683885e-16,1.4798481013089274e-16,0.0011565974796156058
research/history/v0.2-audit/response_errors.csv:41: trailing whitespace.
+0.195,1.6798227941722876e-16,1.6090274017684327e-16,0.0012776318017246966
research/history/v0.2-audit/response_errors.csv:42: trailing whitespace.
+0.2,1.654812618341672e-17,7.294610682907902e-17,0.0014087096143150137
research/history/v0.2-audit/response_errors.csv:43: trailing whitespace.
+0.20500000000000002,1.6684860550749978e-16,2.9475883867930755e-16,0.0015504928904323844
research/history/v0.2-audit/response_errors.csv:44: trailing whitespace.
+0.21,1.6722915953123487e-16,2.8543216310276797e-16,0.0017036805914752199
research/history/v0.2-audit/response_errors.csv:45: trailing whitespace.
+0.215,3.391528165449455e-17,4.3140014097650123e-16,0.0018690107981620266
research/history/v0.2-audit/response_errors.csv:46: trailing whitespace.
+0.22,1.8790534197850396e-16,4.531117585381362e-16,0.002047262992511439
research/history/v0.2-audit/response_errors.csv:47: trailing whitespace.
+0.225,1.6917168824946999e-16,7.422809689753937e-17,0.0022392605027256843
research/history/v0.2-audit/response_errors.csv:48: trailing whitespace.
+0.23,7.96164672291992e-18,2.103194860615716e-16,0.002445873123900813
research/history/v0.2-audit/response_errors.csv:49: trailing whitespace.
+0.23500000000000001,1.9124673161217482e-16,4.413542719834767e-16,0.002668019928666678
research/history/v0.2-audit/response_errors.csv:50: trailing whitespace.
+0.24,8.629525274137911e-17,2.0297642329165707e-16,0.002906672283122518
research/history/v0.2-audit/response_errors.csv:51: trailing whitespace.
+0.245,1.7221735055249735e-16,3.0854106948731046e-16,0.00316285708486083
research/history/v0.2-audit/response_errors.csv:52: trailing whitespace.
+0.25,9.036797088940656e-17,2.859289197747347e-16,0.003437660241422096
research/history/v0.2-audit/response_errors.csv:53: trailing whitespace.
+0.255,1.215065348977174e-17,1.4085121776831195e-16,0.003732230409262998
research/history/v0.2-audit/response_errors.csv:54: trailing whitespace.
+0.26,8.828852114575246e-17,1.1863297384346896e-17,0.004047783015219043
research/history/v0.2-audit/response_errors.csv:55: trailing whitespace.
+0.265,4.0217059457306113e-17,4.0584651314696895e-16,0.004385604584562856
research/history/v0.2-audit/response_errors.csv:56: trailing whitespace.
+0.27,1.7608690658622113e-16,2.7856298723821517e-16,0.004747057402106547
research/history/v0.2-audit/response_errors.csv:57: trailing whitespace.
+0.275,3.028928214488606e-17,3.655857068333067e-17,0.005133584535382679
research/history/v0.2-audit/response_errors.csv:58: trailing whitespace.
+0.28,8.896618652057813e-17,4.217611372243682e-16,0.005546715251836481
research/history/v0.2-audit/response_errors.csv:59: trailing whitespace.
+0.28500000000000003,1.2943877944945694e-16,4.273629879897902e-16,0.005988070865153026
research/history/v0.2-audit/response_errors.csv:60: trailing whitespace.
+0.29,1.801211457224235e-16,1.8740713271904554e-16,0.006459371049412375
research/history/v0.2-audit/response_errors.csv:61: trailing whitespace.
+0.295,2.0237521564552579e-16,2.9530523412713347e-16,0.006962440663734606
research/history/v0.2-audit/response_errors.csv:62: trailing whitespace.
+0.3,9.158727891744648e-17,1.3170893276657414e-16,0.007499217134486776
research/history/v0.2-audit/response_errors.csv:63: trailing whitespace.
+0.305,2.0446580884158654e-16,1.834493520107382e-16,0.008071758447062984
research/history/v0.2-audit/response_errors.csv:64: trailing whitespace.
+0.31,1.8440439484414337e-16,2.4701163358982843e-17,0.008682251804746386
research/history/v0.2-audit/response_errors.csv:65: trailing whitespace.
+0.315,1.0051915105458224e-16,1.846296950086689e-16,0.009333023018326541
research/history/v0.2-audit/response_errors.csv:66: trailing whitespace.
+0.32,9.343026956375268e-17,3.674157681590604e-16,0.010026546697019124
research/history/v0.2-audit/response_errors.csv:67: trailing whitespace.
+0.325,2.820272699697409e-16,1.2735049431999004e-16,0.01076545731897427
research/history/v0.2-audit/response_errors.csv:68: trailing whitespace.
+0.33,1.9003230359318146e-16,2.8525556870504117e-16,0.01155256126828044
research/history/v0.2-audit/response_errors.csv:69: trailing whitespace.
+0.335,8.48288363382663e-18,1.25105105273469e-16,0.01239084993513834
research/history/v0.2-audit/response_errors.csv:70: trailing whitespace.
+0.34,9.781620882542805e-17,1.303714748235727e-16,0.013283513986760968
research/history/v0.2-audit/response_errors.csv:71: trailing whitespace.
+0.34500000000000003,1.0678343381000417e-16,1.8985599884709142e-16,0.014233958928880934
research/history/v0.2-audit/response_errors.csv:72: trailing whitespace.
+0.35000000000000003,1.953402147556393e-16,3.871918289757598e-16,0.015245822091597255
research/history/v0.2-audit/response_errors.csv:73: trailing whitespace.
+0.355,2.196668863621805e-16,2.4694485833278817e-16,0.016322991188915448
research/history/v0.2-audit/response_errors.csv:74: trailing whitespace.
+0.36,1.0093137783019222e-16,3.882922770228719e-16,0.01746962461899977
research/history/v0.2-audit/response_errors.csv:75: trailing whitespace.
+0.365,1.0596054034027621e-16,3.4327685074158576e-16,0.018690173692097987
research/history/v0.2-audit/response_errors.csv:76: trailing whitespace.
+0.37,2.253383711678635e-16,3.6256853612655753e-16,0.019989406995695166
research/history/v0.2-audit/response_errors.csv:77: trailing whitespace.
+0.375,1.053590327737496e-16,5.228215528106283e-16,0.0213724371320335
research/history/v0.2-audit/response_errors.csv:78: trailing whitespace.
+0.38,2.3113185212829573e-16,1.1961933157542783e-16,0.022844750092165363
research/history/v0.2-audit/response_errors.csv:79: trailing whitespace.
+0.385,2.583256599046999e-16,3.679457452671511e-16,0.02441223756365707
research/history/v0.2-audit/response_errors.csv:80: trailing whitespace.
+0.39,1.1939104431004908e-16,4.715707245712512e-16,0.026081232506503557
research/history/v0.2-audit/response_errors.csv:81: trailing whitespace.
+0.395,1.0649469972138977e-16,2.402357686238321e-16,0.027858548374425165
research/history/v0.2-audit/response_errors.csv:82: trailing whitespace.
+0.4,3.475888449150758e-16,1.6851492611800466e-16,0.029751522407200928
research/history/v0.2-audit/response_errors.csv:83: trailing whitespace.
+0.405,2.4112673470981035e-16,5.577421770519085e-16,0.03176806347495952
research/history/v0.2-audit/response_errors.csv:84: trailing whitespace.
+0.41000000000000003,2.1955491765060088e-16,1.5670423342609104e-16,0.03391670501833917
research/history/v0.2-audit/response_errors.csv:85: trailing whitespace.
+0.41500000000000004,1.1100788083007975e-16,5.303603743457066e-16,0.036206663700285836
research/history/v0.2-audit/response_errors.csv:86: trailing whitespace.
+0.42,2.233599185214517e-16,2.2721214731557246e-16,0.03864790446726378
research/history/v0.2-audit/response_errors.csv:87: trailing whitespace.
+0.425,4.0802190586523573e-16,1.198642146002205e-16,0.04125121281123288
research/history/v0.2-audit/response_errors.csv:88: trailing whitespace.
+0.43,1.1728983987199298e-16,1.6273545062646155e-16,0.04402827513056838
research/history/v0.2-audit/response_errors.csv:89: trailing whitespace.
+0.435,2.313187791977813e-16,1.0346153809300982e-16,0.046991768209930965
research/history/v0.2-audit/response_errors.csv:90: trailing whitespace.
+0.44,3.0258831681756964e-17,1.2023264489343184e-16,0.050155458978028894
research/history/v0.2-audit/response_errors.csv:91: trailing whitespace.
+0.445,1.2360390310156266e-16,2.0803590358236824e-16,0.053534315860375964
research/history/v0.2-audit/response_errors.csv:92: trailing whitespace.
+0.45,1.5067158599489192e-17,3.966565537294875e-16,0.05714463322397521
research/history/v0.2-audit/response_errors.csv:93: trailing whitespace.
+0.455,1.2589635687095127e-16,3.881077357170989e-16,0.06100417061470913
research/history/v0.2-audit/response_errors.csv:94: trailing whitespace.
+0.46,1.2393653941579585e-16,3.1383878918088146e-16,0.0651323087186517
research/history/v0.2-audit/response_errors.csv:95: trailing whitespace.
+0.465,1.406369605887907e-16,3.415062358031676e-16,0.06955022423760009
research/history/v0.2-audit/response_errors.csv:96: trailing whitespace.
+0.47000000000000003,2.2535634236467066e-17,5.632083220239616e-16,0.0742810861588458
research/history/v0.2-audit/response_errors.csv:97: trailing whitespace.
+0.47500000000000003,4.692153932582286e-16,4.967948647377881e-16,0.07935027622014577
research/history/v0.2-audit/response_errors.csv:98: trailing whitespace.
+0.48,1.324369323826174e-16,2.586974446391403e-16,0.08478563672249022
research/history/v0.2-audit/response_errors.csv:99: trailing whitespace.
+0.485,6.117521615355006e-17,3.4039237350976263e-16,0.09061774922206126
research/history/v0.2-audit/response_errors.csv:100: trailing whitespace.
+0.49,1.6412897092276154e-16,3.7878792733637843e-16,0.09688024803142362
research/history/v0.2-audit/response_errors.csv:101: trailing whitespace.
+0.495,1.56618105569811e-16,2.895498362202285e-16,0.10361017286458522
research/history/v0.2-audit/response_errors.csv:102: trailing whitespace.
+0.5,3.477683128628318e-16,1.9060530689604724e-16,0.11084836534805269
research/history/v0.2-audit/response_errors.csv:103: trailing whitespace.
+0.505,2.097877944518228e-16,1.8762375669031797e-16,0.1186399144526825
research/history/v0.2-audit/response_errors.csv:104: trailing whitespace.
+0.51,1.457343690553772e-16,9.159651420457747e-17,0.12703465612068468
research/history/v0.2-audit/response_errors.csv:105: trailing whitespace.
+0.515,3.010978547752773e-16,2.0757776900206216e-16,0.13608773237912022
research/history/v0.2-audit/response_errors.csv:106: trailing whitespace.
+0.52,1.936746292760936e-17,1.825376943225509e-16,0.14586021491134643
research/history/v0.2-audit/response_errors.csv:107: trailing whitespace.
+0.525,3.4753906025080866e-16,3.5131116988927915e-16,0.15641979720156293
research/history/v0.2-audit/response_errors.csv:108: trailing whitespace.
+0.53,4.432915122869297e-17,2.9367711009546203e-16,0.16784155768149184
research/history/v0.2-audit/response_errors.csv:109: trailing whitespace.
+0.535,5.638727189069972e-16,8.662481961302486e-16,0.18020879336455325
research/history/v0.2-audit/response_errors.csv:110: trailing whitespace.
+0.54,3.28054485240432e-16,7.19791380617257e-16,0.19361391863330812
research/history/v0.2-audit/response_errors.csv:111: trailing whitespace.
+0.545,5.708281512070447e-16,6.44899688902263e-16,0.2081594162645403
research/history/v0.2-audit/response_errors.csv:112: trailing whitespace.
+0.55,3.108778340912154e-16,6.279840017196332e-16,0.22395881617614521
research/history/v0.2-audit/response_errors.csv:113: trailing whitespace.
+0.555,2.1763403473969063e-16,2.2477249488645165e-16,0.24113765999992667
research/history/v0.2-audit/response_errors.csv:114: trailing whitespace.
+0.56,4.451158619405583e-16,3.442509830436422e-16,0.25983438399571274
research/history/v0.2-audit/response_errors.csv:115: trailing whitespace.
+0.5650000000000001,1.3143003501117465e-16,5.651762995889659e-16,0.28020101574902234
research/history/v0.2-audit/response_errors.csv:116: trailing whitespace.
+0.5700000000000001,4.505538969111587e-16,7.00364858202142e-16,0.30240352725512737
research/history/v0.2-audit/response_errors.csv:117: trailing whitespace.
+0.5750000000000001,2.3124254733005867e-16,1.0198565782002405e-15,0.32662161305717924
research/history/v0.2-audit/response_errors.csv:118: trailing whitespace.
+0.58,1.6417170786720292e-16,9.54705662523029e-16,0.353047560962845
research/history/v0.2-audit/response_errors.csv:119: trailing whitespace.
+0.585,5.316358916597845e-16,5.980138546943961e-16,0.38188374856284446
research/history/v0.2-audit/response_errors.csv:120: trailing whitespace.
+0.59,2.6918076439482267e-16,7.381024163115219e-16,0.4133381278139574
research/history/v0.2-audit/response_errors.csv:121: trailing whitespace.
+0.595,1.1151965364141267e-15,3.907250260252492e-16,0.44761685597577483
research/history/v0.2-audit/response_errors.csv:122: trailing whitespace.
+0.6,6.395054997400325e-16,1.6988136205687717e-15,0.48491301368590417
research/history/v0.2-audit/response_errors.csv:123: trailing whitespace.
+0.605,4.275525181559113e-16,2.2604776966064163e-15,0.5253901697160944
research/history/v0.2-audit/response_errors.csv:124: trailing whitespace.
+0.61,4.566567887158275e-16,6.28059967450776e-16,0.5691595083388383
research/history/v0.2-audit/response_errors.csv:125: trailing whitespace.
+0.615,8.78578692851715e-16,6.671955046917499e-16,0.616249507479587
research/history/v0.2-audit/response_errors.csv:126: trailing whitespace.
+0.62,4.115472865402065e-16,6.979152244470231e-16,0.6665680158331687
research/history/v0.2-audit/response_errors.csv:127: trailing whitespace.
+0.625,2.1665721413876943e-16,9.221326943502563e-16,0.7198583673599599
research/history/v0.2-audit/response_errors.csv:128: trailing whitespace.
+0.63,4.71986062970139e-16,1.3800364018575019e-15,0.7756541847846761
research/history/v0.2-audit/response_errors.csv:129: trailing whitespace.
+0.635,4.2577604728573587e-16,9.265909185507187e-16,0.8332417160031275
research/history/v0.2-audit/response_errors.csv:130: trailing whitespace.
+0.64,1.4343409499115407e-15,6.835914473538264e-16,0.891643073256024
research/history/v0.2-audit/response_errors.csv:131: trailing whitespace.
+0.645,1.6690785962593044e-15,1.1552469145617118e-15,0.9496365123865802
research/history/v0.2-audit/response_errors.csv:132: trailing whitespace.
+0.65,5.219592121752052e-16,7.566665536656063e-16,1.0058276895286016
research/history/v0.2-audit/response_errors.csv:133: trailing whitespace.
+0.655,6.009569692031511e-16,1.4738351486250387e-15,1.0587757933940807
research/history/v0.2-audit/response_errors.csv:134: trailing whitespace.
+0.66,1.0306061502017613e-15,3.565915681414602e-16,1.1071608946048863
research/history/v0.2-audit/response_errors.csv:135: trailing whitespace.
+0.665,2.2332294042733506e-15,1.1747252841822452e-15,1.1499597577025682
research/history/v0.2-audit/response_errors.csv:136: trailing whitespace.
+0.67,1.1986874305128058e-15,1.0829668493041966e-15,1.1865870823608728
research/history/v0.2-audit/response_errors.csv:137: trailing whitespace.
+0.675,1.6377556084395136e-15,1.2490204224852797e-15,1.2169659625136642
research/history/v0.2-audit/response_errors.csv:138: trailing whitespace.
+0.68,7.101059175343723e-16,6.618212778029464e-16,1.2415141462967174
research/history/v0.2-audit/response_errors.csv:139: trailing whitespace.
+0.685,1.3747176092823157e-15,1.1047451890176796e-15,1.2610601359530158
research/history/v0.2-audit/response_errors.csv:140: trailing whitespace.
+0.6900000000000001,1.3878007578903487e-15,1.2400008074578396e-15,1.2767216150999374
research/history/v0.2-audit/response_errors.csv:141: trailing whitespace.
+0.6950000000000001,1.0161251592939836e-15,1.409460983550707e-15,1.289781447998841
research/history/v0.2-audit/response_errors.csv:142: trailing whitespace.
+0.7000000000000001,3.6062201701316515e-16,8.114642241671901e-16,1.3015864625971174
research/history/v0.2-audit/response_errors.csv:143: trailing whitespace.
+0.705,2.1917272237791024e-15,7.500568059095057e-16,1.3134792165035247
research/history/v0.2-audit/response_errors.csv:144: trailing whitespace.
+0.71,3.300412870446358e-16,7.077381725400537e-16,1.3267596261356271
research/history/v0.2-audit/response_errors.csv:145: trailing whitespace.
+0.715,3.693757826326439e-16,8.743514016090532e-16,1.3426646607815067
research/history/v0.2-audit/response_errors.csv:146: trailing whitespace.
+0.72,1.6174709027433499e-15,1.5133746759499945e-15,1.3623506308199482
research/history/v0.2-audit/response_errors.csv:147: trailing whitespace.
+0.725,1.115004573074754e-15,4.759748505221173e-16,1.3868642902598858
research/history/v0.2-audit/response_errors.csv:148: trailing whitespace.
+0.73,6.686370696176716e-16,6.505016659687044e-16,1.4170978751930103
research/history/v0.2-audit/response_errors.csv:149: trailing whitespace.
+0.735,1.3420202778367482e-15,7.180450451533296e-16,1.4537407592621696
research/history/v0.2-audit/response_errors.csv:150: trailing whitespace.
+0.74,8.393895364584824e-16,2.12480194547282e-15,1.4972613452232317
research/history/v0.2-audit/response_errors.csv:151: trailing whitespace.
+0.745,1.5931164419875076e-15,8.038473740797576e-16,1.5479596945566187
research/history/v0.2-audit/response_errors.csv:152: trailing whitespace.
+0.75,2.3166325338814886e-15,1.4455949952993358e-15,1.6061042170983741
research/history/v0.2-audit/response_errors.csv:153: trailing whitespace.
+0.755,1.565935607013931e-15,1.012709768423449e-15,1.6721100201336798
research/history/v0.2-audit/response_errors.csv:154: trailing whitespace.
+0.76,5.808832610144996e-16,5.412487817083241e-16,1.7466752250613027
research/history/v0.2-audit/response_errors.csv:155: trailing whitespace.
+0.765,2.06701248723341e-15,8.11287400481298e-16,1.8308043917784884
research/history/v0.2-audit/response_errors.csv:156: trailing whitespace.
+0.77,6.025672536688946e-16,9.495535834373854e-16,1.925701248940933
research/history/v0.2-audit/response_errors.csv:157: trailing whitespace.
+0.775,1.0378816406259214e-15,6.57891575740334e-16,2.0325554895388724
research/history/v0.2-audit/response_errors.csv:158: trailing whitespace.
+0.78,5.203033302349248e-16,1.6980389433597744e-15,2.152253130092429
research/history/v0.2-audit/response_errors.csv:159: trailing whitespace.
+0.785,3.3399254181129614e-16,5.572797320332169e-16,2.2850230212651015
research/history/v0.2-audit/response_errors.csv:160: trailing whitespace.
+0.79,2.4914298586869998e-15,1.1707417861308389e-15,2.430025743376381
research/history/v0.2-audit/response_errors.csv:161: trailing whitespace.
+0.795,6.63969100555143e-16,8.450730749109608e-16,2.584917981696216
research/history/v0.2-audit/response_errors.csv:162: trailing whitespace.
+0.8,1.9084751850908427e-15,1.147536921396031e-15,2.745491440382909
research/history/v0.2-audit/response_errors.csv:163: trailing whitespace.
+0.805,7.244816371109788e-16,5.854047447690232e-16,2.905571686299748
research/history/v0.2-audit/response_errors.csv:164: trailing whitespace.
+0.81,6.958601891083363e-16,9.165753363063774e-16,3.057409049689617
research/history/v0.2-audit/response_errors.csv:165: trailing whitespace.
+0.8150000000000001,5.935523679770819e-16,9.470168276690144e-16,3.1927042734425526
research/history/v0.2-audit/response_errors.csv:166: trailing whitespace.
+0.8200000000000001,3.703053174924839e-16,6.25179654669793e-16,3.304130254736754
research/history/v0.2-audit/response_errors.csv:167: trailing whitespace.
+0.8250000000000001,1.3907615103690408e-15,7.677595124508613e-16,3.386853471397667
research/history/v0.2-audit/response_errors.csv:168: trailing whitespace.
+0.8300000000000001,1.0823262390009925e-15,1.5500051038645623e-15,3.4394163417163974
research/history/v0.2-audit/response_errors.csv:169: trailing whitespace.
+0.835,4.826498048405351e-16,8.297788343866533e-16,3.4636163185398994
research/history/v0.2-audit/response_errors.csv:170: trailing whitespace.
+0.84,5.920810677253587e-16,6.809182610123645e-16,3.4635379186453124
research/history/v0.2-audit/response_errors.csv:171: trailing whitespace.
+0.845,2.4014893537835524e-15,4.734831650086399e-16,3.444254099853499
research/history/v0.2-audit/response_errors.csv:172: trailing whitespace.
+0.85,7.273375047285265e-16,9.567746429977893e-16,3.410700495054625
research/history/v0.2-audit/response_errors.csv:173: trailing whitespace.
+0.855,7.493159504339959e-16,1.1128757501876712e-15,3.366972343736208
research/history/v0.2-audit/response_errors.csv:174: trailing whitespace.
+0.86,1.0035471338151793e-15,6.297390008567318e-16,3.3160436153940727
research/history/v0.2-audit/response_errors.csv:175: trailing whitespace.
+0.865,1.060024051363224e-15,4.566422027597735e-16,3.259783885646978
research/history/v0.2-audit/response_errors.csv:176: trailing whitespace.
+0.87,2.4169300310333624e-16,6.90293935540258e-16,3.1991363715411882
research/history/v0.2-audit/response_errors.csv:177: trailing whitespace.
+0.875,3.5832357656824924e-16,8.611960771907466e-16,3.134358572558053
research/history/v0.2-audit/response_errors.csv:178: trailing whitespace.
+0.88,3.5092286177129326e-16,6.216035710767478e-16,3.065269592821124
research/history/v0.2-audit/response_errors.csv:179: trailing whitespace.
+0.885,6.798159562782506e-16,3.4735009792033146e-16,2.9914773550689158
research/history/v0.2-audit/response_errors.csv:180: trailing whitespace.
+0.89,7.155290705911416e-16,5.452191052734142e-16,2.912573454331059
research/history/v0.2-audit/response_errors.csv:181: trailing whitespace.
+0.895,6.724143749666129e-16,3.8430868918784065e-16,2.8282884357433153
research/history/v0.2-audit/response_errors.csv:182: trailing whitespace.
+0.9,7.401830118679417e-16,5.477727306029713e-16,2.7386014806673598
research/history/v0.2-audit/response_errors.csv:183: trailing whitespace.
+0.905,3.674977187821137e-16,6.420974265361837e-16,2.6437999783917814
research/history/v0.2-audit/response_errors.csv:184: trailing whitespace.
+0.91,6.29924211967264e-16,2.969704654239499e-16,2.54448821701322
research/history/v0.2-audit/response_errors.csv:185: trailing whitespace.
+0.915,6.641813059739528e-16,8.696731008251269e-16,2.4415502653284022
research/history/v0.2-audit/response_errors.csv:186: trailing whitespace.
+0.92,5.487446560352516e-16,5.190978521512084e-16,2.336078287470572
research/history/v0.2-audit/response_errors.csv:187: trailing whitespace.
+0.925,2.5423859912367397e-16,4.647861265676295e-16,2.2292818125001292
research/history/v0.2-audit/response_errors.csv:188: trailing whitespace.
+0.93,3.5449799684267066e-16,5.252879619200313e-16,2.1223943697625662
research/history/v0.2-audit/response_errors.csv:189: trailing whitespace.
+0.935,3.2216973900000177e-16,9.608916523109144e-16,2.0165912982717593
research/history/v0.2-audit/response_errors.csv:190: trailing whitespace.
+0.9400000000000001,3.104299263623793e-16,5.451652948824691e-16,1.91292762203308
research/history/v0.2-audit/response_errors.csv:191: trailing whitespace.
+0.9450000000000001,2.1289191116498596e-16,7.217842819153168e-16,1.812299383210806
research/history/v0.2-audit/response_errors.csv:192: trailing whitespace.
+0.9500000000000001,1.1828115523766588e-16,3.9797339039212305e-16,1.7154272231869023
research/history/v0.2-audit/response_errors.csv:193: trailing whitespace.
+0.9550000000000001,1.600487189909425e-16,3.7695584483490495e-16,1.6228580745921444
research/history/v0.2-audit/response_errors.csv:194: trailing whitespace.
+0.96,1.5563587751133571e-16,1.2811430020988203e-15,1.5349796306666221
research/history/v0.2-audit/response_errors.csv:195: trailing whitespace.
+0.965,2.4882270616976247e-16,5.786433585061643e-16,1.4520423858223153
research/history/v0.2-audit/response_errors.csv:196: trailing whitespace.
+0.97,3.7164754161704483e-16,1.3151230434109269e-15,1.3741849365679464
research/history/v0.2-audit/response_errors.csv:197: trailing whitespace.
+0.975,3.9934976257306357e-16,6.754220332757407e-16,1.301459406665982
research/history/v0.2-audit/response_errors.csv:198: trailing whitespace.
+0.98,3.1597306967976376e-16,7.971496456039202e-16,1.233854987208733
research/history/v0.2-audit/response_errors.csv:199: trailing whitespace.
+0.985,1.6226519015394773e-16,4.739986520903668e-16,1.1713184954890665
research/history/v0.2-audit/response_errors.csv:200: trailing whitespace.
+0.99,1.2564438196118853e-16,2.8064110775084294e-16,1.1137715091567602
research/history/v0.2-audit/response_errors.csv:201: trailing whitespace.
+0.995,2.2824492578948114e-16,3.3253245919369714e-16,1.0611240463438594
research/history/v0.2-audit/response_errors.csv:202: trailing whitespace.
+1.0,1.4611364645495987e-16,4.1937928031254063e-16,1.013284990588812
research/history/v0.2-audit/response_errors.csv:203: trailing whitespace.
+1.0050000000000001,2.4232805100586366e-16,2.592748381200747e-16,0.9701695601147706
research/history/v0.2-audit/response_errors.csv:204: trailing whitespace.
+1.01,1.531370625372656e-16,3.5539899315368417e-16,0.9317041473765767
research/history/v0.2-audit/response_errors.csv:205: trailing whitespace.
+1.0150000000000001,1.2002641341774377e-16,6.374184297426569e-16,0.8978288499559769
research/history/v0.2-audit/response_errors.csv:206: trailing whitespace.
+1.02,1.792861136302399e-16,2.1202475833040486e-16,0.8684980101683332
research/history/v0.2-audit/response_errors.csv:207: trailing whitespace.
+1.025,4.2111591791509345e-16,7.534847041949177e-16,0.8436790990957892
research/history/v0.2-audit/response_errors.csv:208: trailing whitespace.
+1.03,3.5803556591693983e-16,2.9342684561967065e-16,0.8233503294451914
research/history/v0.2-audit/response_errors.csv:209: trailing whitespace.
+1.035,9.796908642571115e-17,2.237051034497581e-16,0.8074974544185981
research/history/v0.2-audit/response_errors.csv:210: trailing whitespace.
+1.04,2.3460468092913625e-16,7.512163122153836e-16,0.7961102855486156
research/history/v0.2-audit/response_errors.csv:211: trailing whitespace.
+1.045,3.9224293872297323e-16,6.54156088237526e-16,0.7891795087302894
research/history/v0.2-audit/response_errors.csv:212: trailing whitespace.
+1.05,1.4014189247187876e-16,1.7883039680117536e-16,0.7866943599241936
research/history/v0.2-audit/response_errors.csv:213: trailing whitespace.
+1.055,1.2086623738813532e-16,2.731086554032303e-16,0.7886416170668381
research/history/v0.2-audit/response_errors.csv:214: trailing whitespace.
+1.06,9.174893502532541e-17,6.422941465422861e-16,0.7950061733196448
research/history/v0.2-audit/response_errors.csv:215: trailing whitespace.
+1.065,1.2320865060361796e-16,5.055911471579778e-16,0.8057732077315019
research/history/v0.2-audit/response_errors.csv:216: trailing whitespace.
+1.07,1.2217783485115486e-16,3.6359908689361455e-16,0.8209317112574714
research/history/v0.2-audit/response_errors.csv:217: trailing whitespace.
+1.075,1.8955800428941508e-16,8.115750635291828e-16,0.8404789087176384
research/history/v0.2-audit/response_errors.csv:218: trailing whitespace.
+1.08,2.4835060104727125e-16,3.6947842675484064e-16,0.8644249719234207
research/history/v0.2-audit/response_errors.csv:219: trailing whitespace.
+1.085,1.6184677039471363e-16,2.2951148162703916e-16,0.8927973467701086
research/history/v0.2-audit/response_errors.csv:220: trailing whitespace.
+1.09,1.8726666208397965e-16,3.586842819037983e-16,0.9256439891196783
research/history/v0.2-audit/response_errors.csv:221: trailing whitespace.
+1.095,1.2859105078236714e-16,7.599932540601028e-16,0.9630347735043516
research/history/v0.2-audit/response_errors.csv:222: trailing whitespace.
+1.1,1.9682133862310405e-16,4.773641339215702e-16,1.0050602524179664
research/history/v0.2-audit/response_errors.csv:223: trailing whitespace.
+1.105,1.7611391165983237e-16,4.3711380287819177e-16,1.0518267547376152
research/history/v0.2-audit/response_errors.csv:224: trailing whitespace.
+1.11,1.5514572150814117e-16,4.139792100843323e-16,1.103446483819977
research/history/v0.2-audit/response_errors.csv:225: trailing whitespace.
+1.115,2.1143891151736832e-16,2.217628211194656e-16,1.160020791271008
research/history/v0.2-audit/response_errors.csv:226: trailing whitespace.
+1.12,1.5046655359472356e-16,2.4056597318607595e-16,1.2216141755982972
research/history/v0.2-audit/response_errors.csv:227: trailing whitespace.
+1.125,1.5156820421414374e-16,7.369063955711854e-16,1.2882158650507334
research/history/v0.2-audit/response_errors.csv:228: trailing whitespace.
+1.1300000000000001,1.739714545005846e-16,1.443667278416522e-16,1.3596852998693252
research/history/v0.2-audit/response_errors.csv:229: trailing whitespace.
+1.135,3.3269272951765908e-16,4.12208489773874e-16,1.4356778788494475
research/history/v0.2-audit/response_errors.csv:230: trailing whitespace.
+1.1400000000000001,2.765826387851127e-16,1.7982668738765352e-16,1.5155488133336277
research/history/v0.2-audit/response_errors.csv:231: trailing whitespace.
+1.145,2.5099136308210935e-16,8.78357551324892e-16,1.598237181211032
research/history/v0.2-audit/response_errors.csv:232: trailing whitespace.
+1.1500000000000001,4.4830188663244045e-17,1.0101802610259084e-15,1.6821410317490595
research/history/v0.2-audit/response_errors.csv:233: trailing whitespace.
+1.155,2.2894964696213143e-16,3.8823495099957625e-16,1.7650090030893257
research/history/v0.2-audit/response_errors.csv:234: trailing whitespace.
+1.16,9.146559575203016e-17,2.3654202896132506e-16,1.8438932638474463
research/history/v0.2-audit/response_errors.csv:235: trailing whitespace.
+1.165,1.9412569030122824e-16,4.303844331093598e-16,1.9152256843702922
research/history/v0.2-audit/response_errors.csv:236: trailing whitespace.
+1.17,9.470718830034245e-17,4.3621167364573723e-16,1.9750784590859378
research/history/v0.2-audit/response_errors.csv:237: trailing whitespace.
+1.175,3.672782010730318e-16,4.557028889765312e-16,2.019631917963341
research/history/v0.2-audit/response_errors.csv:238: trailing whitespace.
+1.18,2.4535294235414494e-16,3.948941767078491e-16,2.045788507449302
research/history/v0.2-audit/response_errors.csv:239: trailing whitespace.
+1.185,6.969868458984932e-17,5.712410486081728e-16,2.0517719077072796
research/history/v0.2-audit/response_errors.csv:240: trailing whitespace.
+1.19,2.352660633915036e-16,4.342065256712482e-16,2.037501332094479
research/history/v0.2-audit/response_errors.csv:241: trailing whitespace.
+1.195,3.2533994318012973e-16,5.891429408275639e-16,2.0045914965868254
research/history/v0.2-audit/response_errors.csv:242: trailing whitespace.
+1.2,1.2244602349762148e-16,2.332682480260788e-16,1.955981507583461
research/history/v0.2-audit/response_errors.csv:243: trailing whitespace.
+1.205,1.180291151647515e-16,4.265961077090928e-16,1.895345358682292
research/history/v0.2-audit/response_errors.csv:244: trailing whitespace.
+1.21,1.2158417912816516e-16,3.967808090757791e-16,1.8264908752195954
research/history/v0.2-audit/response_errors.csv:245: trailing whitespace.
+1.215,1.7182419154801884e-16,3.8132747689889276e-16,1.7529019973047426
research/history/v0.2-audit/response_errors.csv:246: trailing whitespace.
+1.22,1.2834911308884605e-16,8.741711641202826e-16,1.677481258767527
research/history/v0.2-audit/response_errors.csv:247: trailing whitespace.
+1.225,1.2509597053823194e-16,1.0961497000275623e-15,1.6024695476467161
research/history/v0.2-audit/response_errors.csv:248: trailing whitespace.
+1.23,1.5318712581666202e-16,5.239556101155929e-16,1.5294844704777404
research/history/v0.2-audit/response_errors.csv:249: trailing whitespace.
+1.235,2.4735768200343554e-16,7.393830928839283e-16,1.459618495034985
research/history/v0.2-audit/response_errors.csv:250: trailing whitespace.
+1.24,4.265573199559917e-16,7.452644229602332e-16,1.3935543058526327
research/history/v0.2-audit/response_errors.csv:251: trailing whitespace.
+1.245,3.3775116446260325e-16,6.868024907050014e-16,1.3316730118134237
research/history/v0.2-audit/response_errors.csv:252: trailing whitespace.
+1.25,3.4646657514046084e-16,7.490361838230472e-16,1.2741445883804439
research/history/v0.2-audit/response_errors.csv:253: trailing whitespace.
+1.2550000000000001,1.051034337215471e-16,3.8600793307883617e-16,1.2209982316821073
research/history/v0.2-audit/response_errors.csv:254: trailing whitespace.
+1.26,8.721986730604028e-17,3.2258064883121435e-16,1.1721743984835118
research/history/v0.2-audit/response_errors.csv:255: trailing whitespace.
+1.2650000000000001,1.2774511461640085e-16,2.47045980847187e-16,1.1275618077850327
research/history/v0.2-audit/response_errors.csv:256: trailing whitespace.
+1.27,2.9481953920007434e-16,3.7620644001947333e-16,1.0870228257062593
research/history/v0.2-audit/response_errors.csv:257: trailing whitespace.
+1.2750000000000001,1.0670787003146791e-16,2.4043607297180556e-16,1.050410218555496
research/history/v0.2-audit/response_errors.csv:258: trailing whitespace.
+1.28,3.449610070474393e-16,4.952365460426214e-16,1.0175776556300227
research/history/v0.2-audit/response_errors.csv:259: trailing whitespace.
+1.285,1.2867482248420629e-16,3.628700592725285e-16,0.9883857668520296
research/history/v0.2-audit/response_errors.csv:260: trailing whitespace.
+1.29,2.65281257245384e-16,6.152210813977238e-16,0.9627050827106372
research/history/v0.2-audit/response_errors.csv:261: trailing whitespace.
+1.295,1.6043472909328812e-16,5.986021239994098e-16,0.9404168177957762
research/history/v0.2-audit/response_errors.csv:262: trailing whitespace.
+1.3,1.5552572632795976e-16,2.1762346804243357e-16,0.9214121920324482
research/history/v0.2-audit/response_errors.csv:263: trailing whitespace.
+1.305,1.6667378200510162e-16,5.834721145876838e-16,0.9055907949810399
research/history/v0.2-audit/response_errors.csv:264: trailing whitespace.
+1.31,3.7116770277371106e-16,4.2750318099448023e-16,0.8928583671866166
research/history/v0.2-audit/response_errors.csv:265: trailing whitespace.
+1.315,1.521659785017502e-16,1.2678111488846735e-16,0.8831242800380558
research/history/v0.2-audit/response_errors.csv:266: trailing whitespace.
+1.32,1.2719474804453699e-16,4.759308414061819e-16,0.8762989271152651
research/history/v0.2-audit/response_errors.csv:267: trailing whitespace.
+1.325,1.1052995986017489e-16,2.6295186489516726e-16,0.8722911847663986
research/history/v0.2-audit/response_errors.csv:268: trailing whitespace.
+1.33,3.490714727954176e-16,1.9866986913997078e-16,0.8710060509264836
research/history/v0.2-audit/response_errors.csv:269: trailing whitespace.
+1.335,1.0107151226267839e-16,3.0177943116082213e-16,0.8723425260185885
research/history/v0.2-audit/response_errors.csv:270: trailing whitespace.
+1.34,1.949318030935487e-16,2.69558309845994e-16,0.876191758395217
research/history/v0.2-audit/response_errors.csv:271: trailing whitespace.
+1.345,1.5844875060342305e-16,1.847383322323271e-16,0.8824354415828999
research/history/v0.2-audit/response_errors.csv:272: trailing whitespace.
+1.35,2.3524901692414796e-16,1.563206069398352e-16,0.8909444249239051
research/history/v0.2-audit/response_errors.csv:273: trailing whitespace.
+1.355,2.3022140575901e-16,3.3862915485189087e-16,0.9015774861111496
research/history/v0.2-audit/response_errors.csv:274: trailing whitespace.
+1.36,2.596359166766256e-16,2.443190744130335e-16,0.9141802153976797
research/history/v0.2-audit/response_errors.csv:275: trailing whitespace.
+1.365,1.4746700317331734e-16,3.534407393719353e-16,0.9285839770209192
research/history/v0.2-audit/response_errors.csv:276: trailing whitespace.
+1.37,1.2632861407461456e-16,1.5304097787982384e-16,0.9446049419534162
research/history/v0.2-audit/response_errors.csv:277: trailing whitespace.
+1.375,2.2087449570689038e-16,1.9037650147762e-16,0.9620432243438732
research/history/v0.2-audit/response_errors.csv:278: trailing whitespace.
+1.3800000000000001,9.979476887087955e-17,2.8213847605259724e-16,0.9806821977216357
research/history/v0.2-audit/response_errors.csv:279: trailing whitespace.
+1.385,1.9977852307668632e-16,3.336170810806612e-16,1.0002881111935524
research/history/v0.2-audit/response_errors.csv:280: trailing whitespace.
+1.3900000000000001,2.8148680455752954e-16,1.898053975195544e-16,1.020610164828741
research/history/v0.2-audit/response_errors.csv:281: trailing whitespace.
+1.395,1.185347676102594e-16,2.736235762914251e-16,1.0413812310302426
research/history/v0.2-audit/response_errors.csv:282: trailing whitespace.
+1.4000000000000001,1.6521954980382928e-16,1.4196485801077425e-16,1.062319418400686
research/history/v0.2-audit/response_errors.csv:283: trailing whitespace.
+1.405,3.3545605348545476e-16,3.1500342175557624e-16,1.0831306600129615
research/history/v0.2-audit/response_errors.csv:284: trailing whitespace.
+1.41,2.5130051158185694e-16,3.4499712737521834e-16,1.1035124637623763
research/history/v0.2-audit/response_errors.csv:285: trailing whitespace.
+1.415,1.6352286201048695e-16,4.965861755334965e-16,1.1231588857945871
research/history/v0.2-audit/response_errors.csv:286: trailing whitespace.
+1.42,3.0927989253489673e-16,4.845548979532649e-16,1.1417666803506705
research/history/v0.2-audit/response_errors.csv:287: trailing whitespace.
+1.425,2.8783336693001227e-16,3.6604264931497e-16,1.1590424481262087
research/history/v0.2-audit/response_errors.csv:288: trailing whitespace.
+1.43,2.9850832216417767e-16,4.3227475582081234e-16,1.1747104644884356
research/history/v0.2-audit/response_errors.csv:289: trailing whitespace.
+1.435,4.63943475145651e-16,2.8372025356261675e-16,1.1885207386921313
research/history/v0.2-audit/response_errors.csv:290: trailing whitespace.
+1.44,3.370917733736137e-16,1.5654786032470446e-16,1.2002567588932342
research/history/v0.2-audit/response_errors.csv:291: trailing whitespace.
+1.445,2.2480695620305617e-16,2.27704273525589e-16,1.2097423372628615
research/history/v0.2-audit/response_errors.csv:292: trailing whitespace.
+1.45,2.5711162512422903e-16,2.833225028604412e-16,1.2168469999777678
research/history/v0.2-audit/response_errors.csv:293: trailing whitespace.
+1.455,2.5302943219708066e-16,1.7053174248391536e-16,1.2214894716830873
research/history/v0.2-audit/response_errors.csv:294: trailing whitespace.
+1.46,3.127034754497525e-16,2.1352650130206776e-16,1.2236389723462877
research/history/v0.2-audit/response_errors.csv:295: trailing whitespace.
+1.465,2.7143228023404437e-16,3.3441814593537984e-16,1.2233142523518834
research/history/v0.2-audit/response_errors.csv:296: trailing whitespace.
+1.47,2.362573793120604e-16,2.2471448993785377e-16,1.22058050712388
research/history/v0.2-audit/response_errors.csv:297: trailing whitespace.
+1.475,2.5711465225370555e-16,2.145347733604513e-16,1.2155445024205078
research/history/v0.2-audit/response_errors.csv:298: trailing whitespace.
+1.48,2.883263221971448e-16,3.82931056730828e-16,1.208348379025845
research/history/v0.2-audit/response_errors.csv:299: trailing whitespace.
+1.485,3.039824490734344e-16,5.165996099480577e-16,1.19916267585272
research/history/v0.2-audit/response_errors.csv:300: trailing whitespace.
+1.49,3.0027311395286695e-16,2.438535535387163e-16,1.1881791119775578
research/history/v0.2-audit/response_errors.csv:301: trailing whitespace.
+1.495,3.035806828995304e-16,3.49640841605646e-16,1.1756036111684565
research/history/v0.2-audit/response_errors.csv:302: trailing whitespace.
+1.5,3.7843766314846927e-16,5.071987575872424e-16,1.1616499549839323
research/history/v0.2-audit/response_errors.csv:303: trailing whitespace.
+1.5050000000000001,2.1093562370764143e-16,5.16212507719813e-16,1.1465343330290418
research/history/v0.2-audit/response_errors.csv:304: trailing whitespace.
+1.51,3.6320197686801863e-16,3.4556503713039995e-16,1.1304709401456061
research/history/v0.2-audit/response_errors.csv:305: trailing whitespace.
+1.5150000000000001,3.2446120831313197e-16,3.2190548492140886e-16,1.1136686641898559
research/history/v0.2-audit/response_errors.csv:306: trailing whitespace.
+1.52,3.798837667773378e-16,6.209111783114396e-16,1.096328822860235
research/history/v0.2-audit/response_errors.csv:307: trailing whitespace.
+1.5250000000000001,3.8163951081748173e-16,1.8126487000696554e-16,1.0786438466409718
research/history/v0.2-audit/response_errors.csv:308: trailing whitespace.
+1.53,2.4331622063142425e-16,4.763677684676276e-16,1.0607967660519082
research/history/v0.2-audit/response_errors.csv:309: trailing whitespace.
+1.5350000000000001,3.1620382409107115e-16,1.881637960852316e-16,1.0429613411984249
research/history/v0.2-audit/response_errors.csv:310: trailing whitespace.
+1.54,2.700862791082071e-16,3.0079667217554347e-16,1.0253026651321977
research/history/v0.2-audit/response_errors.csv:311: trailing whitespace.
+1.545,3.8414514691562543e-16,2.384270710565477e-16,1.0079780747996034
research/history/v0.2-audit/response_errors.csv:312: trailing whitespace.
+1.55,1.3816589108948003e-16,7.102159022866881e-16,0.9911382101493735
research/history/v0.2-audit/response_errors.csv:313: trailing whitespace.
+1.555,4.2496415705610047e-16,2.481965969457256e-16,0.9749280702343911
research/history/v0.2-audit/response_errors.csv:314: trailing whitespace.
+1.56,3.7571481265912805e-16,3.1648781765209454e-16,0.959487923159709
research/history/v0.2-audit/response_errors.csv:315: trailing whitespace.
+1.565,6.004006392354881e-16,5.968135679765381e-16,0.9449539341731307
research/history/v0.2-audit/response_errors.csv:316: trailing whitespace.
+1.57,3.0838929418715733e-16,3.6121318345295243e-16,0.9314583840797522
research/history/v0.2-audit/response_errors.csv:317: trailing whitespace.
+1.575,4.2338834827077145e-16,3.38629151036166e-16,0.9191293607122833
research/history/v0.2-audit/response_errors.csv:318: trailing whitespace.
+1.58,3.522955609522859e-16,3.481844740278962e-16,0.9080898225843552
research/history/v0.2-audit/response_errors.csv:319: trailing whitespace.
+1.585,3.5116376941263185e-16,4.526713455700052e-16,0.8984559597769513
research/history/v0.2-audit/response_errors.csv:320: trailing whitespace.
+1.59,3.810799572106435e-16,1.0996122110669106e-16,0.8903348160212877
research/history/v0.2-audit/response_errors.csv:321: trailing whitespace.
+1.595,2.0285674668805587e-16,2.829813536850164e-16,0.8838211900830237
research/history/v0.2-audit/response_errors.csv:322: trailing whitespace.
+1.6,4.2156967516104046e-16,3.214674426324428e-16,0.8789939037512324
research/history/v0.2-audit/response_errors.csv:323: trailing whitespace.
+1.605,2.700936046627214e-16,2.773064779602193e-16,0.8759116043208176
research/history/v0.2-audit/response_errors.csv:324: trailing whitespace.
+1.61,1.914902161547762e-16,5.52287047384018e-16,0.8746083536862028
research/history/v0.2-audit/response_errors.csv:325: trailing whitespace.
+1.615,3.359166219330267e-16,2.2310171094856767e-16,0.8750893326206775
research/history/v0.2-audit/response_errors.csv:326: trailing whitespace.
+1.62,2.900974918914106e-16,1.7722333237323736e-16,0.8773270440427454
research/history/v0.2-audit/response_errors.csv:327: trailing whitespace.
+1.625,2.5806719738682497e-16,3.923740687762811e-16,0.8812584202763566
research/history/v0.2-audit/response_errors.csv:328: trailing whitespace.
+1.6300000000000001,6.425894832743901e-16,2.5612826976778577e-16,0.8867832174638601
research/history/v0.2-audit/response_errors.csv:329: trailing whitespace.
+1.635,2.801664395729301e-16,3.1605518488481283e-16,0.8937640125844521
research/history/v0.2-audit/response_errors.csv:330: trailing whitespace.
+1.6400000000000001,1.9002144782496483e-16,4.1898987601526695e-16,0.9020280093355968
research/history/v0.2-audit/response_errors.csv:331: trailing whitespace.
+1.645,1.7791996259970267e-16,2.669845743325862e-16,0.9113707191238598
research/history/v0.2-audit/response_errors.csv:332: trailing whitespace.
+1.6500000000000001,2.935696166566426e-16,2.656398700592225e-16,0.9215614273750504
research/history/v0.2-audit/response_errors.csv:333: trailing whitespace.
+1.655,3.1019498498735925e-16,3.2505699529817557e-16,0.9323501996989253
research/history/v0.2-audit/response_errors.csv:334: trailing whitespace.
+1.6600000000000001,3.4960931008593244e-16,3.8014726961929565e-16,0.9434760431388186
research/history/v0.2-audit/response_errors.csv:335: trailing whitespace.
+1.665,2.5163080191111816e-16,1.309822900997608e-16,0.9546757292495034
research/history/v0.2-audit/response_errors.csv:336: trailing whitespace.
+1.67,2.6002408269355717e-16,4.687882925536962e-16,0.9656927201763521
research/history/v0.2-audit/response_errors.csv:337: trailing whitespace.
+1.675,2.9574404116455873e-16,3.927767199575626e-16,0.9762856249715206
research/history/v0.2-audit/response_errors.csv:338: trailing whitespace.
+1.68,4.41150274928335e-16,1.974286661252544e-16,0.9862356548603124
research/history/v0.2-audit/response_errors.csv:339: trailing whitespace.
+1.685,2.0918939289035077e-16,3.807465666880025e-16,0.9953526402398685
research/history/v0.2-audit/response_errors.csv:340: trailing whitespace.
+1.69,2.765096488223864e-16,4.061373519791744e-16,1.0034793085343132
research/history/v0.2-audit/response_errors.csv:341: trailing whitespace.
+1.695,3.581873305539085e-16,2.0584185030479798e-16,1.0104936835826934
research/history/v0.2-audit/response_errors.csv:342: trailing whitespace.
+1.7,3.738006334092875e-16,2.4347507562377097e-16,1.016309632846879
research/history/v0.2-audit/response_errors.csv:343: trailing whitespace.
+1.705,2.3601341909325945e-16,2.5952350452109905e-16,1.0208757371480108
research/history/v0.2-audit/response_errors.csv:344: trailing whitespace.
+1.71,2.794580128031935e-16,4.021097473793885e-16,1.0241727716750142
research/history/v0.2-audit/response_errors.csv:345: trailing whitespace.
+1.715,1.7711577373482636e-16,3.4532633208727315e-16,1.02621015654966
research/history/v0.2-audit/response_errors.csv:346: trailing whitespace.
+1.72,4.3494842748071017e-16,5.647406799904907e-16,1.0270217583778714
research/history/v0.2-audit/response_errors.csv:347: trailing whitespace.
+1.725,2.3759122212456823e-16,3.8428167253121937e-16,1.026661406377885
research/history/v0.2-audit/response_errors.csv:348: trailing whitespace.
+1.73,2.0830991339052813e-16,2.2646004049004067e-16,1.0251984382389898
research/history/v0.2-audit/response_errors.csv:349: trailing whitespace.
+1.735,2.173772834047301e-16,2.234285963129667e-16,1.0227135242945669
research/history/v0.2-audit/response_errors.csv:350: trailing whitespace.
+1.74,2.408727263973599e-16,3.170213417408193e-16,1.019294945815384
research/history/v0.2-audit/response_errors.csv:351: trailing whitespace.
+1.745,2.7097706676062454e-16,2.1388090359918577e-16,1.015035433824744
research/history/v0.2-audit/response_errors.csv:352: trailing whitespace.
+1.75,3.360830120793349e-16,4.334648210117753e-16,1.0100296152107142
research/history/v0.2-audit/response_errors.csv:353: trailing whitespace.
+1.7550000000000001,3.0545409481302327e-16,3.531704520710967e-16,1.0043720662912639
research/history/v0.2-audit/response_errors.csv:354: trailing whitespace.
+1.76,2.5050175573606733e-16,2.477702408827942e-16,0.998155940973929
research/history/v0.2-audit/response_errors.csv:355: trailing whitespace.
+1.7650000000000001,1.6277312384383864e-16,2.1788962223191082e-16,0.9914721199890636
research/history/v0.2-audit/response_errors.csv:356: trailing whitespace.
+1.77,2.700084275591233e-16,1.98542859881599e-16,0.9844088170328322
research/history/v0.2-audit/response_errors.csv:357: trailing whitespace.
+1.7750000000000001,1.1840681112201254e-16,2.327587129505492e-16,0.9770515742459057
research/history/v0.2-audit/response_errors.csv:358: trailing whitespace.
+1.78,3.201264877749187e-16,1.246531821035452e-16,0.969483580455158
research/history/v0.2-audit/response_errors.csv:359: trailing whitespace.
+1.7850000000000001,2.7380418164693717e-16,3.133964817613479e-16,0.961786248388994
research/history/v0.2-audit/response_errors.csv:360: trailing whitespace.
+1.79,1.4228024863036668e-16,9.368692834975626e-17,0.9540399892805028
research/history/v0.2-audit/response_errors.csv:361: trailing whitespace.
+1.795,5.393759452377973e-16,3.7898790916745814e-16,0.9463251227856664
research/history/v0.2-audit/response_errors.csv:362: trailing whitespace.
+1.8,2.8139201669407446e-16,2.2435175018393497e-16,0.9387228550630641
research/history/v0.2-audit/response_errors.csv:363: trailing whitespace.
+1.805,0.0,2.753740452609417e-16,0.9313162464863209
research/history/v0.2-audit/response_errors.csv:364: trailing whitespace.
+1.81,3.556146533529343e-16,2.2158074416359963e-16,0.9241910714076209
research/history/v0.2-audit/response_errors.csv:365: trailing whitespace.
+1.815,2.31601149354513e-16,2.633028269727677e-16,0.9174364449177539
research/history/v0.2-audit/response_errors.csv:366: trailing whitespace.
+1.82,2.0712962101739992e-16,3.3624165207580727e-16,0.9111450561945023
research/history/v0.2-audit/response_errors.csv:367: trailing whitespace.
+1.825,1.734494965507914e-16,2.259492607393328e-16,0.9054128076647658
research/history/v0.2-audit/response_errors.csv:368: trailing whitespace.
+1.83,1.6918320117846029e-16,3.0209111509036884e-16,0.9003376204951699
research/history/v0.2-audit/response_errors.csv:369: trailing whitespace.
+1.835,1.3092425367137442e-16,2.1561259540388233e-16,0.8960171420443419
research/history/v0.2-audit/response_errors.csv:370: trailing whitespace.
+1.84,2.325268098345053e-16,5.442921687939978e-16,0.8925450988811082
research/history/v0.2-audit/response_errors.csv:371: trailing whitespace.
+1.845,2.8160672181830284e-16,4.125805632592326e-16,0.8900061054520737
research/history/v0.2-audit/response_errors.csv:372: trailing whitespace.
+1.85,1.4785336588200449e-16,3.5095681385104876e-16,0.8884688920999987
research/history/v0.2-audit/response_errors.csv:373: trailing whitespace.
+1.855,2.24825762153992e-16,2.935797898215992e-16,0.8879781792941069
research/history/v0.2-audit/response_errors.csv:374: trailing whitespace.
+1.86,2.7399252508019376e-16,1.854750316594259e-16,0.8885457980566515
research/history/v0.2-audit/response_errors.csv:375: trailing whitespace.
+1.865,2.9559687915440716e-16,4.139633566617291e-16,0.8901420982505811
research/history/v0.2-audit/response_errors.csv:376: trailing whitespace.
+1.87,3.4744927420449466e-16,2.8675865664881375e-16,0.8926890978583636
research/history/v0.2-audit/response_errors.csv:377: trailing whitespace.
+1.875,2.990564912190081e-16,4.1693421072131285e-16,0.896057054702747
research/history/v0.2-audit/response_errors.csv:378: trailing whitespace.
+1.8800000000000001,8.73448927527973e-17,3.6592382373568295e-16,0.9000660168941391
research/history/v0.2-audit/response_errors.csv:379: trailing whitespace.
+1.885,1.765381423760642e-16,3.405582232556566e-16,0.9044933147290994
research/history/v0.2-audit/response_errors.csv:380: trailing whitespace.
+1.8900000000000001,1.4266853091713866e-16,2.1350260142608768e-16,0.9090869212023355
research/history/v0.2-audit/response_errors.csv:381: trailing whitespace.
+1.895,2.3333548038192803e-16,4.030417231765577e-16,0.9135833480109109
research/history/v0.2-audit/response_errors.csv:382: trailing whitespace.
+1.9000000000000001,3.267192483012235e-16,5.059283521559794e-16,0.9177276292975989
research/history/v0.2-audit/response_errors.csv:383: trailing whitespace.
+1.905,2.6499999846394835e-16,2.8136564166909544e-16,0.92129236392543
research/history/v0.2-audit/response_errors.csv:384: trailing whitespace.
+1.9100000000000001,2.490266638994035e-16,3.108249248821863e-16,0.9240929660954188
research/history/v0.2-audit/response_errors.csv:385: trailing whitespace.
+1.915,2.0511940893245364e-16,1.9344550007742568e-16,0.9259971631033288
research/history/v0.2-audit/response_errors.csv:386: trailing whitespace.
+1.92,1.4447338615485427e-16,2.9741721266156534e-16,0.9269280686415122
research/history/v0.2-audit/response_errors.csv:387: trailing whitespace.
+1.925,2.238610272159047e-16,4.927999548135242e-16,0.9268614290553318
research/history/v0.2-audit/response_errors.csv:388: trailing whitespace.
+1.93,2.7168771476412063e-16,3.2576779502980624e-16,0.925818540285588
research/history/v0.2-audit/response_errors.csv:389: trailing whitespace.
+1.935,2.936461634431865e-16,2.263524324685223e-16,0.9238567098006817
research/history/v0.2-audit/response_errors.csv:390: trailing whitespace.
+1.94,1.1975899786242578e-16,2.4372013892285626e-16,0.9210590367330675
research/history/v0.2-audit/response_errors.csv:391: trailing whitespace.
+1.945,1.23685221302447e-16,4.152631096003555e-16,0.9175248751166798
research/history/v0.2-audit/response_errors.csv:392: trailing whitespace.
+1.95,2.9054654411807933e-16,4.256824877062746e-16,0.9133618252592461
research/history/v0.2-audit/response_errors.csv:393: trailing whitespace.
+1.955,8.655786073717119e-17,1.2372128819352345e-16,0.9086796171706256
research/history/v0.2-audit/response_errors.csv:394: trailing whitespace.
+1.96,1.9635566750307714e-16,2.520971749142176e-16,0.9035858869612963
research/history/v0.2-audit/response_errors.csv:395: trailing whitespace.
+1.965,2.2651978430160455e-16,5.804029349423955e-16,0.8981836195675214
research/history/v0.2-audit/response_errors.csv:396: trailing whitespace.
+1.97,1.8708332592827463e-16,3.265079994289015e-16,0.8925699180945905
research/history/v0.2-audit/response_errors.csv:397: trailing whitespace.
+1.975,1.5884901070563373e-16,1.7728740708233635e-16,0.8868357254036416
research/history/v0.2-audit/response_errors.csv:398: trailing whitespace.
+1.98,1.650642410678966e-16,4.1815678103633107e-16,0.8810661318352312
research/history/v0.2-audit/response_errors.csv:399: trailing whitespace.
+1.985,1.990716315668811e-16,2.766087389804894e-16,0.8753409273224847
research/history/v0.2-audit/response_errors.csv:400: trailing whitespace.
+1.99,1.0906797809485268e-16,2.844423007540019e-16,0.8697350811707665
research/history/v0.2-audit/response_errors.csv:401: trailing whitespace.
+1.995,1.4226940314742184e-16,2.0247549810198995e-16,0.8643188548489612
research/history/v0.2-audit/response_errors.csv:402: trailing whitespace.
+2.0,9.664794269013612e-17,3.7774407263374915e-16,0.8591572801447807
research/history/v0.2-audit/response_errors.csv:403: trailing whitespace.
+2.005,1.9265566462570076e-16,2.1594440042167168e-16,0.8543087855102219
research/history/v0.2-audit/response_errors.csv:404: trailing whitespace.
+2.0100000000000002,1.9656396881403513e-16,1.7024210020725942e-16,0.8498228534217676
research/history/v0.2-audit/response_errors.csv:405: trailing whitespace.
+2.015,6.655567166036264e-17,3.38811518405043e-16,0.8457367664645731
research/history/v0.2-audit/response_errors.csv:406: trailing whitespace.
+2.02,2.400068773299688e-16,1.6993238630329635e-16,0.842071758439619
research/history/v0.2-audit/response_errors.csv:407: trailing whitespace.
+2.025,2.400615445582495e-16,2.4702481430384207e-16,0.8388291994882265
research/history/v0.2-audit/response_errors.csv:408: trailing whitespace.
+2.0300000000000002,2.1780559815067997e-16,1.587566520389864e-16,0.8359877253611733
research/history/v0.2-audit/response_errors.csv:409: trailing whitespace.
+2.035,7.88512686879946e-17,2.9261711651287497e-16,0.8335023350612776
research/history/v0.2-audit/response_errors.csv:410: trailing whitespace.
+2.04,1.4603847817732458e-16,1.991624583265911e-16,0.8313062918113843
research/history/v0.2-audit/response_errors.csv:411: trailing whitespace.
+2.045,1.1005937492207353e-16,2.719300840782379e-16,0.8293161189650972
research/history/v0.2-audit/response_errors.csv:412: trailing whitespace.
+2.05,2.237135333379809e-16,1.7582788479098228e-16,0.8274391973213877
research/history/v0.2-audit/response_errors.csv:413: trailing whitespace.
+2.055,9.78158094380377e-17,1.6574444570748743e-16,0.8255827151991328
research/history/v0.2-audit/response_errors.csv:414: trailing whitespace.
+2.06,1.2310732978432457e-16,2.5368217576836336e-16,0.8236623112219723
research/history/v0.2-audit/response_errors.csv:415: trailing whitespace.
+2.065,9.941057060980143e-17,1.9491004606297078e-16,0.8216088627372429
research/history/v0.2-audit/response_errors.csv:416: trailing whitespace.
+2.07,6.216591235371428e-17,1.6385642430556073e-16,0.8193724494284598
research/history/v0.2-audit/response_errors.csv:417: trailing whitespace.
+2.075,8.154519293624873e-17,2.068675280020245e-16,0.8169233013456961
research/history/v0.2-audit/response_errors.csv:418: trailing whitespace.
+2.08,1.7518321717605218e-16,2.4257842802666023e-16,0.8142502190470084
research/history/v0.2-audit/response_errors.csv:419: trailing whitespace.
+2.085,3.41762602298033e-17,1.6990784287106043e-16,0.8113573360612174
research/history/v0.2-audit/response_errors.csv:420: trailing whitespace.
+2.09,1.3885330144933743e-17,4.2226145500803353e-16,0.808260151809514
research/history/v0.2-audit/response_errors.csv:421: trailing whitespace.
+2.095,1.7142821298538978e-17,1.3815504707747505e-16,0.8049815905398109
research/history/v0.2-audit/response_errors.csv:422: trailing whitespace.
+2.1,1.136480196315864e-16,3.888266897539862e-16,0.8015485718181996
research/history/v0.2-audit/response_errors.csv:423: trailing whitespace.
+2.105,4.552246637507494e-17,1.7452966444030492e-16,0.7979893176657047
research/history/v0.2-audit/response_errors.csv:424: trailing whitespace.
+2.11,4.167488081776018e-17,1.394591507601998e-16,0.7943314268856811
research/history/v0.2-audit/response_errors.csv:425: trailing whitespace.
+2.115,1.6513371574789933e-16,3.97936675661374e-16,0.7906006308500945
research/history/v0.2-audit/response_errors.csv:426: trailing whitespace.
+2.12,1.6721143280338185e-16,3.6809715089814933e-16,0.7868200939597798
research/history/v0.2-audit/response_errors.csv:427: trailing whitespace.
+2.125,2.1810661622081836e-16,3.1867852733305583e-16,0.7830101146201099
research/history/v0.2-audit/response_errors.csv:428: trailing whitespace.
+2.13,5.795506870303217e-17,1.6311126788406538e-16,0.7791880989587057
research/history/v0.2-audit/response_errors.csv:429: trailing whitespace.
+2.1350000000000002,8.419828280454013e-17,2.524550947064544e-16,0.7753687052918071
research/history/v0.2-audit/response_errors.csv:430: trailing whitespace.
+2.14,1.5100246369798896e-16,1.762485335813365e-16,0.7715640839047788
research/history/v0.2-audit/response_errors.csv:431: trailing whitespace.
+2.145,7.615440673542882e-17,1.6018989504629735e-16,0.7677841598236078
research/history/v0.2-audit/response_errors.csv:432: trailing whitespace.
+2.15,7.4975437783475e-17,2.2678848373980625e-16,0.7640369244840182
research/history/v0.2-audit/response_errors.csv:433: trailing whitespace.
+2.1550000000000002,1.820173899908421e-17,1.935090036617211e-16,0.760328715628869
research/history/v0.2-audit/response_errors.csv:434: trailing whitespace.
+2.16,7.979950086635981e-17,1.6320152637162262e-16,0.7566644741207571
research/history/v0.2-audit/response_errors.csv:435: trailing whitespace.
+2.165,7.480963379042126e-17,1.1737583455708592e-16,0.7530479725592778
research/history/v0.2-audit/response_errors.csv:436: trailing whitespace.
+2.17,7.198042642907782e-17,1.1376484007231445e-16,0.7494820144937552
research/history/v0.2-audit/response_errors.csv:437: trailing whitespace.
+2.1750000000000003,1.7238431799411687e-17,3.8590811357318404e-17,0.7459686053218689
research/history/v0.2-audit/response_errors.csv:438: trailing whitespace.
+2.18,1.6983108363457083e-17,1.9179588774558315e-16,0.7425090971946087
research/history/v0.2-audit/response_errors.csv:439: trailing whitespace.
+2.185,2.45796568838287e-17,7.908014830441759e-17,0.7391043107923206
research/history/v0.2-audit/response_errors.csv:440: trailing whitespace.
+2.19,1.487785373242382e-16,1.8410846544687812e-16,0.7357546369614286
research/history/v0.2-audit/response_errors.csv:441: trailing whitespace.
+2.195,2.3715792794316352e-17,2.4642527179837464e-16,0.7324601210849034
research/history/v0.2-audit/response_errors.csv:442: trailing whitespace.
+2.2,1.463199132910986e-16,1.7065387087411832e-16,0.7292205328171305
research/history/v0.2-audit/response_errors.csv:443: trailing whitespace.
+2.205,1.2787994553874573e-16,1.9236096843793132e-16,0.7260354235176321
research/history/v0.2-audit/response_errors.csv:444: trailing whitespace.
+2.21,2.386101313242653e-17,1.0778149920938548e-17,0.7229041734113266
research/history/v0.2-audit/response_errors.csv:445: trailing whitespace.
+2.215,6.258111866342076e-17,3.5828087067810347e-16,0.7198260302099051
research/history/v0.2-audit/response_errors.csv:446: trailing whitespace.
+2.22,6.381234881797133e-17,9.273334179833049e-17,0.7168001406618607
research/history/v0.2-audit/response_errors.csv:447: trailing whitespace.
+2.225,1.2441479358949014e-16,9.134954625546974e-17,0.7138255762626723
research/history/v0.2-audit/response_errors.csv:448: trailing whitespace.
+2.23,6.07029711515737e-17,2.1310351632790954e-16,0.7109013541523413
research/history/v0.2-audit/response_errors.csv:449: trailing whitespace.
+2.235,1.2096688149463256e-16,2.5938636499859733e-16,0.7080264540532454
research/history/v0.2-audit/response_errors.csv:450: trailing whitespace.
+2.24,6.123099404784616e-17,1.8614803033844486e-16,0.7051998319542279
research/history/v0.2-audit/response_errors.csv:451: trailing whitespace.
+2.245,5.90188710262009e-17,9.409569723690307e-17,0.7024204311237542
research/history/v0.2-audit/response_errors.csv:452: trailing whitespace.
+2.25,1.309916534438271e-16,1.429398122216119e-16,0.6996871909324853
research/history/v0.2-audit/response_errors.csv:453: trailing whitespace.
+2.255,5.951466988983299e-17,1.0718219377385198e-16,0.6969990538807073
research/history/v0.2-audit/response_errors.csv:454: trailing whitespace.
+2.2600000000000002,1.4293281519903392e-17,9.70864218737544e-17,0.6943549711558654
research/history/v0.2-audit/response_errors.csv:455: trailing whitespace.
+2.265,1.1397466268978603e-16,2.5276760422800007e-17,0.69175390698761
research/history/v0.2-audit/response_errors.csv:456: trailing whitespace.
+2.27,1.1204635199972905e-16,1.0246875499545943e-16,0.6891948420201199
research/history/v0.2-audit/response_errors.csv:457: trailing whitespace.
+2.275,1.430614654499208e-17,2.943578163251753e-16,0.6866767758823308
research/history/v0.2-audit/response_errors.csv:458: trailing whitespace.
+2.2800000000000002,1.1077968014717219e-16,1.4376162250567753e-16,0.6841987291044828
research/history/v0.2-audit/response_errors.csv:459: trailing whitespace.
+2.285,1.3616799172841839e-17,1.487598866913134e-16,0.6817597445029768
research/history/v0.2-audit/response_errors.csv:460: trailing whitespace.
+2.29,1.0791869932003159e-16,2.38359609515867e-16,0.6793588881337835
research/history/v0.2-audit/response_errors.csv:461: trailing whitespace.
+2.295,1.3436923565378934e-17,1.0905057084823956e-16,0.6769952498968084
research/history/v0.2-audit/response_errors.csv:462: trailing whitespace.
+2.3000000000000003,1.0598037861223835e-16,1.1025103905943281e-16,0.6746679438589236
research/history/v0.2-audit/response_errors.csv:463: trailing whitespace.
+2.305,7.396617621917808e-19,1.5193405637955583e-16,0.6723761083513154
research/history/v0.2-audit/response_errors.csv:464: trailing whitespace.
+2.31,1.3069127413645614e-17,1.5594809394706132e-16,0.6701189058868562
research/history/v0.2-audit/response_errors.csv:465: trailing whitespace.
+2.315,1.8245621172055563e-17,2.21063064131868e-16,0.6678955229350411
research/history/v0.2-audit/response_errors.csv:466: trailing whitespace.
+2.32,1.8087717099862332e-17,3.5090913708294923e-16,0.6657051695852881
research/history/v0.2-audit/response_errors.csv:467: trailing whitespace.
+2.325,1.2709581695626073e-17,1.620957894541127e-16,0.6635470791238527
research/history/v0.2-audit/response_errors.csv:468: trailing whitespace.
+2.33,1.0212764788886707e-16,7.076261217226714e-18,0.6614205075450358
research/history/v0.2-audit/response_errors.csv:469: trailing whitespace.
+2.335,1.2470858807300416e-17,1.177171096175407e-16,0.6593247330135796
research/history/v0.2-audit/response_errors.csv:470: trailing whitespace.
+2.34,3.862656929354223e-19,7.884083858891315e-19,0.6572590552920456
research/history/v0.2-audit/response_errors.csv:471: trailing whitespace.
+2.345,3.9485013942781163e-19,7.334240769671332e-18,0.6552227951443863
research/history/v0.2-audit/response_errors.csv:472: trailing whitespace.
+2.35,1.2160406642883499e-17,1.4703321801291805e-17,0.6532152937248072
research/history/v0.2-audit/response_errors.csv:473: trailing whitespace.
+2.355,1.2111420819249546e-17,1.1897186616478231e-16,0.6512359119592653
research/history/v0.2-audit/response_errors.csv:474: trailing whitespace.
+2.36,9.568173753666556e-17,3.870537496364481e-16,0.649284029925498
research/history/v0.2-audit/response_errors.csv:475: trailing whitespace.
+2.365,9.491302669549738e-17,1.744360709080834e-16,0.6473590462362958
research/history/v0.2-audit/response_errors.csv:476: trailing whitespace.
+2.37,9.415549822795682e-17,1.7289222887617532e-16,0.6454603774297384
research/history/v0.2-audit/response_errors.csv:477: trailing whitespace.
+2.375,1.1706863054066796e-17,1.7567775073634827e-16,0.6435874573693101
research/history/v0.2-audit/response_errors.csv:478: trailing whitespace.
+2.38,1.1590899885305527e-17,1.738484330621999e-17,0.641739736656145
research/history/v0.2-audit/response_errors.csv:479: trailing whitespace.
+2.3850000000000002,1.2699429825007914e-19,1.26739118533501e-16,0.6399166820551004
research/history/v0.2-audit/response_errors.csv:480: trailing whitespace.
+2.39,9.124226863759608e-17,3.20253181765894e-16,0.6381177759359165
research/history/v0.2-audit/response_errors.csv:481: trailing whitespace.
+2.395,1.1339689289115803e-17,1.2777125242610765e-16,0.6363425157303418
research/history/v0.2-audit/response_errors.csv:482: trailing whitespace.
+2.4,6.447857853932479e-19,1.2889728467899766e-16,0.63459041340582
research/history/v0.2-audit/response_errors.csv:483: trailing whitespace.
+2.4050000000000002,1.1148561922861783e-17,2.394144818241567e-16,0.6328609949560752
research/history/v0.2-audit/response_errors.csv:484: trailing whitespace.
+2.41,8.849897243896875e-17,6.759056817776657e-17,0.6311537999087514
research/history/v0.2-audit/response_errors.csv:485: trailing whitespace.
+2.415,4.1138093353764753e-19,1.3329613863709011e-16,0.6294683808500866
research/history/v0.2-audit/response_errors.csv:486: trailing whitespace.
+2.42,1.5413129226171752e-17,2.830836324610912e-16,0.6278043029664995
research/history/v0.2-audit/response_errors.csv:487: trailing whitespace.
+2.4250000000000003,1.523615200519257e-19,6.983473730491915e-17,0.6261611436028425
research/history/v0.2-audit/response_errors.csv:488: trailing whitespace.
+2.43,5.17171498428279e-19,1.927479941730181e-16,0.6245384918370195
research/history/v0.2-audit/response_errors.csv:489: trailing whitespace.
+2.435,5.461442020798332e-19,8.552053596072383e-18,0.6229359480705862
research/history/v0.2-audit/response_errors.csv:490: trailing whitespace.
+2.44,1.6933804294553877e-16,1.6281632832271445e-16,0.6213531236349287
research/history/v0.2-audit/response_errors.csv:491: trailing whitespace.
+2.445,8.40613972326513e-17,1.5540123251662245e-16,0.6197896404125647
research/history/v0.2-audit/response_errors.csv:492: trailing whitespace.
+2.45,1.0432872739154632e-17,8.758010478896089e-18,0.6182451304730984
research/history/v0.2-audit/response_errors.csv:493: trailing whitespace.
+2.455,1.4017135731941215e-19,1.4558237035749873e-16,0.6167192357233484
research/history/v0.2-audit/response_errors.csv:494: trailing whitespace.
+2.46,1.884563372511867e-19,8.007543638350416e-17,0.6152116075711489
research/history/v0.2-audit/response_errors.csv:495: trailing whitespace.
+2.465,1.9134325887341493e-19,3.228509856174808e-16,0.6137219066023364
research/history/v0.2-audit/response_errors.csv:496: trailing whitespace.
+2.47,1.014767342897767e-17,7.506864766615408e-17,0.6122498022704275
research/history/v0.2-audit/response_errors.csv:497: trailing whitespace.
+2.475,1.0410078308572747e-19,1.4748368109677546e-16,0.6107949725984994
research/history/v0.2-audit/response_errors.csv:498: trailing whitespace.
+2.48,1.603677500768502e-16,7.691899368143046e-17,0.6093571038927944
research/history/v0.2-audit/response_errors.csv:499: trailing whitespace.
+2.485,9.941340377926073e-18,1.656767134688589e-16,0.6079358904675809
research/history/v0.2-audit/response_errors.csv:500: trailing whitespace.
+2.49,9.874133220866442e-18,7.809311320071275e-17,0.6065310343808148
research/history/v0.2-audit/response_errors.csv:501: trailing whitespace.
+2.495,7.657066048724194e-20,7.797585677283558e-17,0.6051422451801554
research/history/v0.2-audit/response_errors.csv:502: trailing whitespace.
+2.5,7.788248982331374e-17,7.580527241778922e-17,0.6037692396589062
research/history/v0.2-audit/response_errors.csv:503: trailing whitespace.
+2.505,1.3619819222615754e-19,1.5273308778938352e-16,0.6024117416214666
research/history/v0.2-audit/response_errors.csv:504: trailing whitespace.
+2.5100000000000002,9.608195401515364e-18,1.5504863658630696e-16,0.6010694816578921
research/history/v0.2-audit/response_errors.csv:505: trailing whitespace.
+2.515,1.3496826213857406e-17,3.872969529222873e-16,0.5997421969271776
research/history/v0.2-audit/response_errors.csv:506: trailing whitespace.
+2.52,7.643137819132617e-17,1.377484552201985e-17,0.598429630948892
research/history/v0.2-audit/response_errors.csv:507: trailing whitespace.
+2.525,9.42115962411261e-18,1.57226348304744e-16,0.597131533402809
research/history/v0.2-audit/response_errors.csv:508: trailing whitespace.
+2.5300000000000002,7.753714396152067e-20,2.237779895235821e-16,0.595847659936191
research/history/v0.2-audit/response_errors.csv:509: trailing whitespace.
+2.535,9.29707382309427e-18,1.406888442673273e-17,0.5945777719783993
research/history/v0.2-audit/response_errors.csv:510: trailing whitespace.
+2.54,1.3063306879800116e-17,8.396575297787525e-17,0.5933216365625144
research/history/v0.2-audit/response_errors.csv:511: trailing whitespace.
+2.545,7.399618741311107e-17,1.614892087057751e-16,0.592079026153672
research/history/v0.2-audit/response_errors.csv:512: trailing whitespace.
+2.5500000000000003,6.170293247258904e-20,8.142583772081464e-17,0.5908497184838212
research/history/v0.2-audit/response_errors.csv:513: trailing whitespace.
+2.555,5.309868044584856e-20,1.639776410220177e-16,0.5896334963926334
research/history/v0.2-audit/response_errors.csv:514: trailing whitespace.
+2.56,7.260240947675084e-17,7.252604338422591e-20,0.5884301476743007
research/history/v0.2-audit/response_errors.csv:515: trailing whitespace.
+2.565,1.6008290220635333e-16,1.8578071506212144e-16,0.5872394649299704
research/history/v0.2-audit/response_errors.csv:516: trailing whitespace.
+2.57,5.2108781842619737e-20,1.0440621759595828e-17,0.5860612454255806
research/history/v0.2-audit/response_errors.csv:517: trailing whitespace.
+2.575,7.719838210852463e-20,3.0374711210292093e-16,0.584895290954862
research/history/v0.2-audit/response_errors.csv:518: trailing whitespace.
+2.58,1.2422190615209215e-17,1.8956467728149752e-16,0.583741407707298
research/history/v0.2-audit/response_errors.csv:519: trailing whitespace.
+2.585,8.730264588054181e-18,1.1908686688916716e-17,0.5825994061408226
research/history/v0.2-audit/response_errors.csv:520: trailing whitespace.
+2.59,3.789393202397754e-20,1.7187827654780415e-16,0.5814691008590693
research/history/v0.2-audit/response_errors.csv:521: trailing whitespace.
+2.595,6.952938110732297e-17,1.9433166337462287e-16,0.5803503104929729
research/history/v0.2-audit/response_errors.csv:522: trailing whitespace.
+2.6,4.429557288643959e-20,1.7515495323499844e-16,0.57924285758655
research/history/v0.2-audit/response_errors.csv:523: trailing whitespace.
+2.605,1.3632759380830814e-16,1.7535944484832513e-16,0.5781465684866797
research/history/v0.2-audit/response_errors.csv:524: trailing whitespace.
+2.61,6.299018903626558e-20,8.820387396211258e-17,0.5770612732367244
research/history/v0.2-audit/response_errors.csv:525: trailing whitespace.
+2.615,5.515345119816369e-20,9.132493522425707e-17,0.5759868054738311
research/history/v0.2-audit/response_errors.csv:526: trailing whitespace.
+2.62,8.726471139705075e-20,3.2326937797581727e-16,0.5749230023297667
research/history/v0.2-audit/response_errors.csv:527: trailing whitespace.
+2.625,8.320221314519637e-18,9.266299598579934e-17,0.5738697043351376
research/history/v0.2-audit/response_errors.csv:528: trailing whitespace.
+2.63,1.3233722177747895e-16,1.1287480494167294e-17,0.5728267553268641
research/history/v0.2-audit/response_errors.csv:529: trailing whitespace.
+2.6350000000000002,1.862414944136501e-16,9.086621698571407e-17,0.571794002358775
research/history/v0.2-audit/response_errors.csv:530: trailing whitespace.
+2.64,4.5860855327949284e-20,9.143430923580292e-17,0.5707712956151997
research/history/v0.2-audit/response_errors.csv:531: trailing whitespace.
+2.645,8.016120414599628e-20,1.311242322815205e-16,0.5697584883274368
research/history/v0.2-audit/response_errors.csv:532: trailing whitespace.
+2.65,1.2929285970382713e-16,2.0996736014454986e-16,0.5687554366929889
research/history/v0.2-audit/response_errors.csv:533: trailing whitespace.
+2.6550000000000002,1.288020324505738e-16,1.3236328520068688e-16,0.5677619997974515
research/history/v0.2-audit/response_errors.csv:534: trailing whitespace.
+2.66,1.2831541166305015e-16,1.309656876630223e-17,0.5667780395389553
research/history/v0.2-audit/response_errors.csv:535: trailing whitespace.
+2.665,1.3435488994856326e-20,1.3176412152748886e-17,0.565803420555061
research/history/v0.2-audit/response_errors.csv:536: trailing whitespace.
+2.67,1.0907936146268994e-20,1.3427260622593418e-16,0.564838010152012
research/history/v0.2-audit/response_errors.csv:537: trailing whitespace.
+2.6750000000000003,1.2590402781908617e-16,2.707546560532295e-16,0.5638816782362565
research/history/v0.2-audit/response_errors.csv:538: trailing whitespace.
+2.68,3.4107058748203464e-20,2.1532269825466733e-16,0.56293429724815
research/history/v0.2-audit/response_errors.csv:539: trailing whitespace.
+2.685,1.757239361659203e-16,2.1626995536901197e-16,0.5619957420977555
research/history/v0.2-audit/response_errors.csv:540: trailing whitespace.
+2.69,7.722835459865385e-18,1.0086422153085646e-16,0.5610658901026652
research/history/v0.2-audit/response_errors.csv:541: trailing whitespace.
+2.695,2.5980717949157932e-20,2.9339754640145527e-16,0.5601446209277644
research/history/v0.2-audit/response_errors.csv:542: trailing whitespace.
+2.7,7.637713829210136e-18,1.396777682962456e-16,0.5592318165268675
research/history/v0.2-audit/response_errors.csv:543: trailing whitespace.
+2.705,7.595679504714772e-18,3.148221824349311e-16,0.5583273610861549
research/history/v0.2-audit/response_errors.csv:544: trailing whitespace.
+2.71,1.2133702997114375e-16,2.2278360449029945e-16,0.5574311409693455
research/history/v0.2-audit/response_errors.csv:545: trailing whitespace.
+2.715,1.1600616503309159e-20,2.0051454695662647e-16,0.5565430446645432
research/history/v0.2-audit/response_errors.csv:546: trailing whitespace.
+2.72,7.472350473723526e-18,1.736511925309356e-20,0.5556629627326902
research/history/v0.2-audit/response_errors.csv:547: trailing whitespace.
+2.725,7.431844086344884e-18,1.0214937025338896e-16,0.5547907877575781
research/history/v0.2-audit/response_errors.csv:548: trailing whitespace.
+2.73,1.1850001215579405e-16,1.0273222927751929e-16,0.5539264142973496
research/history/v0.2-audit/response_errors.csv:549: trailing whitespace.
+2.735,5.573094134106816e-20,1.0232126516129416e-16,0.5530697388374498
research/history/v0.2-audit/response_errors.csv:550: trailing whitespace.
+2.74,1.1700735719174697e-16,1.0626134782999956e-16,0.5522206597449636
research/history/v0.2-audit/response_errors.csv:551: trailing whitespace.
+2.745,1.1683895993049495e-16,1.4860989585942758e-16,0.5513790772243004
research/history/v0.2-audit/response_errors.csv:552: trailing whitespace.
+2.75,4.8441830206860456e-20,2.0973605655695996e-16,0.5505448932741699
research/history/v0.2-audit/response_errors.csv:553: trailing whitespace.
+2.755,7.197408498521308e-18,1.046383960269091e-16,0.54971801164581
research/history/v0.2-audit/response_errors.csv:554: trailing whitespace.
+2.7600000000000002,1.6200234191558196e-16,1.0542448937454343e-16,0.5488983378024224
research/history/v0.2-audit/response_errors.csv:555: trailing whitespace.
+2.765,7.122098102836269e-18,2.1170438895662404e-16,0.5480857788797694
research/history/v0.2-audit/response_errors.csv:556: trailing whitespace.
+2.77,1.585317827971084e-20,1.519097383041267e-16,0.5472802436478996
research/history/v0.2-audit/response_errors.csv:557: trailing whitespace.
+2.775,3.832267731744292e-20,1.5200839598295054e-16,0.5464816424739566
research/history/v0.2-audit/response_errors.csv:558: trailing whitespace.
+2.7800000000000002,7.011708687650814e-18,2.1614447941374772e-16,0.5456898872860383
research/history/v0.2-audit/response_errors.csv:559: trailing whitespace.
+2.785,1.1182630204972183e-16,1.0834322533247391e-16,0.5449048915380711
research/history/v0.2-audit/response_errors.csv:560: trailing whitespace.
+2.79,6.939715849531654e-18,1.5389873893084905e-16,0.5441265701756617
research/history/v0.2-audit/response_errors.csv:561: trailing whitespace.
+2.795,3.8437530174912126e-20,1.114162041433288e-16,0.5433548396028983
research/history/v0.2-audit/response_errors.csv:562: trailing whitespace.
+2.8000000000000003,1.2990028818035934e-20,1.5357267108866043e-17,0.5425896176500663
research/history/v0.2-audit/response_errors.csv:563: trailing whitespace.
+2.805,1.668489249301666e-20,3.137619372218008e-16,0.541830823542249
research/history/v0.2-audit/response_errors.csv:564: trailing whitespace.
+2.81,6.799590722902813e-18,2.499838607339215e-16,0.5410783778687851
research/history/v0.2-audit/response_errors.csv:565: trailing whitespace.
+2.815,1.5842348911754553e-20,1.119210677994486e-16,0.5403322025535547
research/history/v0.2-audit/response_errors.csv:566: trailing whitespace.
+2.82,1.079109089419923e-16,1.593847880104907e-16,0.5395922208260668
research/history/v0.2-audit/response_errors.csv:567: trailing whitespace.
+2.825,1.1791297946906861e-20,7.884005669443728e-18,0.5388583571933212
research/history/v0.2-audit/response_errors.csv:568: trailing whitespace.
+2.83,9.896685593365378e-21,1.610587035366646e-16,0.5381305374124227
research/history/v0.2-audit/response_errors.csv:569: trailing whitespace.
+2.835,6.631110527135597e-18,1.1604774547958515e-16,0.5374086884639198
research/history/v0.2-audit/response_errors.csv:570: trailing whitespace.
+2.84,1.0577831994616353e-16,1.6285460613634867e-16,0.5366927385258489
research/history/v0.2-audit/response_errors.csv:571: trailing whitespace.
+2.845,1.3601554041954637e-20,1.1518913664721127e-16,0.535982616948459
research/history/v0.2-audit/response_errors.csv:572: trailing whitespace.
+2.85,1.0453504923361741e-16,2.3257850569248266e-16,0.5352782542295954
research/history/v0.2-audit/response_errors.csv:573: trailing whitespace.
+2.855,1.0402294897568276e-16,1.64939865788103e-16,0.5345795819907243
research/history/v0.2-audit/response_errors.csv:574: trailing whitespace.
+2.86,1.3495386715302794e-20,1.171967065705042e-16,0.5338865329535746
research/history/v0.2-audit/response_errors.csv:575: trailing whitespace.
+2.865,9.561077261514912e-21,1.6690733848109339e-16,0.5331990409173819
research/history/v0.2-audit/response_errors.csv:576: trailing whitespace.
+2.87,6.407020832021313e-18,2.37381289887439e-16,0.5325170407367136
research/history/v0.2-audit/response_errors.csv:577: trailing whitespace.
+2.875,9.017106552218723e-18,1.6814850318006375e-16,0.5318404682998563
research/history/v0.2-audit/response_errors.csv:578: trailing whitespace.
+2.88,6.34535736661822e-18,2.6783879269602927e-16,0.5311692605077528
research/history/v0.2-audit/response_errors.csv:579: trailing whitespace.
+2.8850000000000002,6.314930139431889e-18,1.2000654792163268e-16,0.5305033552534661
research/history/v0.2-audit/response_errors.csv:580: trailing whitespace.
+2.89,1.0055524835483392e-16,1.7101803142651766e-16,0.5298426914021609
research/history/v0.2-audit/response_errors.csv:581: trailing whitespace.
+2.895,1.0007596581012753e-16,1.2138114818000469e-16,0.5291872087715801
research/history/v0.2-audit/response_errors.csv:582: trailing whitespace.
+2.9,1.4099395270424435e-16,1.2269167262302078e-16,0.528536848113009
research/history/v0.2-audit/response_errors.csv:583: trailing whitespace.
+2.9050000000000002,1.403263981140397e-16,1.2288089035828807e-16,0.5278915510927056
research/history/v0.2-audit/response_errors.csv:584: trailing whitespace.
+2.91,6.166348158402081e-18,2.751288164789416e-16,0.5272512602737895
research/history/v0.2-audit/response_errors.csv:585: trailing whitespace.
+2.915,9.819715742982619e-17,1.2450844599350304e-16,0.5266159190985713
research/history/v0.2-audit/response_errors.csv:586: trailing whitespace.
+2.92,1.38355634484987e-16,1.2535588460446505e-16,0.5259854718713108
research/history/v0.2-audit/response_errors.csv:587: trailing whitespace.
+2.9250000000000003,6.120241840745705e-21,1.77114448783517e-16,0.5253598637413951
research/history/v0.2-audit/response_errors.csv:588: trailing whitespace.
+2.93,9.701595249107751e-17,1.2541750437039057e-16,0.5247390406869171
research/history/v0.2-audit/response_errors.csv:589: trailing whitespace.
+2.935,3.6022292434415385e-21,2.8209688007253814e-16,0.5241229494986519
research/history/v0.2-audit/response_errors.csv:590: trailing whitespace.
+2.94,8.408882460027511e-21,1.270596707473603e-16,0.5235115377644104
research/history/v0.2-audit/response_errors.csv:591: trailing whitespace.
+2.945,9.548898794327985e-17,1.2766811412485502e-16,0.5229047538537681
research/history/v0.2-audit/response_errors.csv:592: trailing whitespace.
+2.95,1.6215368287991331e-21,1.8145545311581887e-16,0.5223025469031517
research/history/v0.2-audit/response_errors.csv:593: trailing whitespace.
+2.955,5.913392033892024e-18,1.2844940008601742e-16,0.521704866801277
research/history/v0.2-audit/response_errors.csv:594: trailing whitespace.
+2.96,9.436571598339302e-17,4.0310974356350104e-18,0.5211116641749267
research/history/v0.2-audit/response_errors.csv:595: trailing whitespace.
+2.965,9.375296816727777e-17,1.8346686505174205e-16,0.5205228903750598
research/history/v0.2-audit/response_errors.csv:596: trailing whitespace.
+2.97,1.7441117113761432e-21,1.8437508255889475e-16,0.5199384974632435
research/history/v0.2-audit/response_errors.csv:597: trailing whitespace.
+2.975,4.3693838917633955e-21,1.8519456167216436e-16,0.5193584381983951
research/history/v0.2-audit/response_errors.csv:598: trailing whitespace.
+2.98,9.248561188617876e-17,1.3175651635701503e-16,0.5187826660238315
research/history/v0.2-audit/response_errors.csv:599: trailing whitespace.
+2.985,9.224921105546148e-17,3.746721410977251e-16,0.5182111350546117
research/history/v0.2-audit/response_errors.csv:600: trailing whitespace.
+2.99,5.4166366601726184e-21,8.033483767384214e-21,0.5176438000651705
research/history/v0.2-audit/response_errors.csv:601: trailing whitespace.
+2.995,1.290425393698433e-16,1.3437651988824014e-16,0.5170806164772275
research/history/v0.2-audit/response_errors.csv:602: trailing whitespace.
+3.0,1.2859273307776452e-16,1.351904491568714e-16,0.5165215403479733
research/project-notes/current-package-note.md:3: trailing whitespace.
+Source attachment title: `GPT 6.1 overview.txt`  
research/project-notes/current-package-note.md:4: trailing whitespace.
+Source file ID: `file_0000000047a0820ab6beb4722417cd62`  
research/project-notes/current-package-note.md:5: trailing whitespace.
+Read through Project Files: 1 October 2026.  
research/project-notes/emergent-interaction-update-note.md:3: trailing whitespace.
+Source attachment title: `GPT 6.1 overview.txt`  
research/project-notes/emergent-interaction-update-note.md:4: trailing whitespace.
+Source file ID: `file_000000008550820ab37191709b2c050d`  
research/project-notes/emergent-interaction-update-note.md:5: trailing whitespace.
+Read through Project Files: 1 October 2026.  
src/lib/markdown-safety.ts:35: new blank line at EOF.
unity_theory_website_handoff_r4/PROJECT_SOURCE_ALIGNMENT.md:3: trailing whitespace.
+**Revision 4 · 1 October 2026**  
unity_theory_website_handoff_r4/source/history/v0.1b/01_world_explanation.md:697: new blank line at EOF.
unity_theory_website_handoff_r4/source/history/v0.1b/02_scientific_framework.md:650: trailing whitespace.
+1. Perich, Narain & Gallego, **“A neural manifold view of the brain”**, *Nature Neuroscience* 28, 1582–1597 (2025).  
unity_theory_website_handoff_r4/source/history/v0.1b/02_scientific_framework.md:653: trailing whitespace.
+2. Heuthe et al., **“Tunable colloidal swarmalators with hydrodynamic coupling”**, *Nature Communications* 16, 10984 (2025).  
unity_theory_website_handoff_r4/source/history/v0.1b/02_scientific_framework.md:656: trailing whitespace.
+3. O’Keeffe, Hong & Strogatz, **“Oscillators that sync and swarm”**, *Nature Communications* 8, 1504 (2017).  
unity_theory_website_handoff_r4/source/history/v0.1b/02_scientific_framework.md:659: trailing whitespace.
+4. Haken / Synergetics discussion: **“Synergetics’ two foundations and the city”**, *European Physical Journal Special Topics* (2025).  
unity_theory_website_handoff_r4/source/history/v0.1b/02_scientific_framework.md:662: trailing whitespace.
+5. Isidori, Wilsch & Wyler, **“The Standard Model effective field theory at work”**, *Reviews of Modern Physics* 96, 015006 (2024).  
unity_theory_website_handoff_r4/source/history/v0.1b/02_scientific_framework.md:665: trailing whitespace.
+6. Metzner et al., **“Functional renormalization group approach to correlated fermion systems”**, *Reviews of Modern Physics* 84, 299 (2012).  
unity_theory_website_handoff_r4/source/history/v0.1b/02_scientific_framework.md:668: trailing whitespace.
+7. Muljarov, **“Rigorous Theory of Coupled Resonators”**, *Physical Review Letters* 136, 023801 (2026).  
unity_theory_website_handoff_r4/source/history/v0.1b/02_scientific_framework.md:671: trailing whitespace.
+8. Büscher & Emig, **“Geometry and Spectrum of Casimir Forces”**, *Physical Review Letters* 94, 133901 (2005).  
unity_theory_website_handoff_r4/source/history/v0.1b/02_scientific_framework.md:674: trailing whitespace.
+9. Hordijk, Hein & Steel, **“Autocatalytic Sets and the Origin of Life”**, *Entropy* 12, 1733–1742 (2010).  
unity_theory_website_handoff_r4/source/history/v0.1b/02_scientific_framework.md:677: trailing whitespace.
+10. Hordijk, Steel & Kauffman-related review, **“Autocatalytic Networks at the Basis of Life’s Origin and Organization”**, *Life* 8, 62 (2018).  
unity_theory_website_handoff_r4/source/history/v0.1b/02_scientific_framework.md:985: new blank line at EOF.
unity_theory_website_handoff_r4/source/history/v0.1b/03_mathematical_core.md:1351: new blank line at EOF.
unity_theory_website_handoff_r4/source/history/v0.1b/README.md:3: trailing whitespace.
+**Status:** working hypothesis / research framework  
unity_theory_website_handoff_r4/source/history/v0.1b/README.md:4: trailing whitespace.
+**Date:** 2026-09-30  
unity_theory_website_handoff_r4/source/history/v0.1b/README.md:39: trailing whitespace.
+1. **[01 — World Explanation](01_world_explanation.md)**  
unity_theory_website_handoff_r4/source/history/v0.1b/README.md:42: trailing whitespace.
+2. **[02 — Scientific Framework](02_scientific_framework.md)**  
unity_theory_website_handoff_r4/source/history/v0.1b/README.md:45: trailing whitespace.
+3. **[03 — Mathematical Core](03_mathematical_core.md)**  
unity_theory_website_handoff_r4/source/history/v0.1b/README.md:172: new blank line at EOF.
unity_theory_website_handoff_r4/source/history/v0.2-audit/01_research_audit.md:3: trailing whitespace.
+**Date:** 30 September 2026  
unity_theory_website_handoff_r4/source/history/v0.2-audit/01_research_audit.md:4: trailing whitespace.
+**Status:** literature-grounded research hypothesis, with two worked restricted mathematical examples.  
unity_theory_website_handoff_r4/source/history/v0.2-audit/02_mathematical_results.md:3: trailing whitespace.
+**Date:** 30 September 2026.  
unity_theory_website_handoff_r4/source/history/v0.2-audit/response_errors.csv:1: trailing whitespace.
+omega,nested_vs_direct_operator_relative_error,reduced_vs_full_response_relative_error,quadratic_approximation_response_relative_error
unity_theory_website_handoff_r4/source/history/v0.2-audit/response_errors.csv:2: trailing whitespace.
+0.0,7.775351226701648e-17,1.533005133746058e-16,1.533005133746058e-16
unity_theory_website_handoff_r4/source/history/v0.2-audit/response_errors.csv:3: trailing whitespace.
+0.005,1.725265675535639e-16,2.7778121604565868e-16,1.2150590603004652e-08
unity_theory_website_handoff_r4/source/history/v0.2-audit/response_errors.csv:4: trailing whitespace.
+0.01,1.7268243047115308e-16,1.7186786497788042e-16,9.736812767851815e-08
unity_theory_website_handoff_r4/source/history/v0.2-audit/response_errors.csv:5: trailing whitespace.
+0.015,1.7345695923481455e-16,3.066755945957006e-16,3.2953558166083725e-07
unity_theory_website_handoff_r4/source/history/v0.2-audit/response_errors.csv:6: trailing whitespace.
+0.02,1.5500892934570193e-16,2.2977715889399165e-16,7.841633984557314e-07
unity_theory_website_handoff_r4/source/history/v0.2-audit/response_errors.csv:7: trailing whitespace.
+0.025,1.0794266930744048e-17,1.5359966597932773e-16,1.539192021649337e-06
unity_theory_website_handoff_r4/source/history/v0.2-audit/response_errors.csv:8: trailing whitespace.
+0.03,1.7284100241302065e-16,1.7098802360823485e-16,2.675781547069909e-06
unity_theory_website_handoff_r4/source/history/v0.2-audit/response_errors.csv:9: trailing whitespace.
+0.035,1.5499253297380026e-16,3.460453204642694e-16,4.279085165491379e-06
unity_theory_website_handoff_r4/source/history/v0.2-audit/response_errors.csv:10: trailing whitespace.
+0.04,2.0522020830265073e-17,2.192275421477431e-16,6.4390037807021745e-06
unity_theory_website_handoff_r4/source/history/v0.2-audit/response_errors.csv:11: trailing whitespace.
+0.045,1.7322927105328502e-16,3.153536293627824e-16,9.250920021098287e-06
unity_theory_website_handoff_r4/source/history/v0.2-audit/response_errors.csv:12: trailing whitespace.
+0.05,1.5508894574442416e-16,4.824403175288274e-16,1.2816410742132752e-05
unity_theory_website_handoff_r4/source/history/v0.2-audit/response_errors.csv:13: trailing whitespace.
+0.055,1.7344208360599838e-16,3.156178608782526e-16,1.7243938006970668e-05
unity_theory_website_handoff_r4/source/history/v0.2-audit/response_errors.csv:14: trailing whitespace.
+0.06,7.776888212849384e-17,1.7024084169462624e-16,2.2649519386158068e-05
unity_theory_website_handoff_r4/source/history/v0.2-audit/response_errors.csv:15: trailing whitespace.
+0.065,1.7405785295476932e-16,3.405752090243376e-16,2.915737921364396e-05
unity_theory_website_handoff_r4/source/history/v0.2-audit/response_errors.csv:16: trailing whitespace.
+0.07,1.0869743644745748e-17,2.1527778548351575e-16,3.6900583138556623e-05
unity_theory_website_handoff_r4/source/history/v0.2-audit/response_errors.csv:17: trailing whitespace.
+0.075,7.802806909575905e-17,1.4339488486511517e-17,4.602165891600341e-05
unity_theory_website_handoff_r4/source/history/v0.2-audit/response_errors.csv:18: trailing whitespace.
+0.08,1.5631734210023594e-16,8.504839566885378e-17,5.66732068759523e-05
unity_theory_website_handoff_r4/source/history/v0.2-audit/response_errors.csv:19: trailing whitespace.
+0.085,7.11389294989283e-18,1.5442190837024027e-16,6.901850389444838e-05
unity_theory_website_handoff_r4/source/history/v0.2-audit/response_errors.csv:20: trailing whitespace.
+0.09,1.76194354621312e-16,1.6966928847336942e-16,8.32321049785434e-05
unity_theory_website_handoff_r4/source/history/v0.2-audit/response_errors.csv:21: trailing whitespace.
+0.095,1.5722187447659545e-16,2.136762013962124e-16,9.950044677446961e-05
unity_theory_website_handoff_r4/source/history/v0.2-audit/response_errors.csv:22: trailing whitespace.
+0.1,8.217477004920102e-17,1.5112606630774373e-16,0.00011802245743346401
unity_theory_website_handoff_r4/source/history/v0.2-audit/response_errors.csv:23: trailing whitespace.
+0.105,2.455592481058006e-17,3.764970169444113e-16,0.00013901017733312118
unity_theory_website_handoff_r4/source/history/v0.2-audit/response_errors.csv:24: trailing whitespace.
+0.11,1.1001906019859863e-17,3.756077078811356e-16,0.0001626893951714801
unity_theory_website_handoff_r4/source/history/v0.2-audit/response_errors.csv:25: trailing whitespace.
+0.115,7.092271116860017e-18,3.378836455001984e-16,0.00018930030395873952
unity_theory_website_handoff_r4/source/history/v0.2-audit/response_errors.csv:26: trailing whitespace.
+0.12,1.5819753981672837e-16,3.3448525549881466e-17,0.00021909818138978943
unity_theory_website_handoff_r4/source/history/v0.2-audit/response_errors.csv:27: trailing whitespace.
+0.125,1.1606157852189348e-17,3.339122691146444e-16,0.0002523540990794395
unity_theory_website_handoff_r4/source/history/v0.2-audit/response_errors.csv:28: trailing whitespace.
+0.13,7.965567490859742e-17,3.0799820691037637e-16,0.00028935566512446384
unity_theory_website_handoff_r4/source/history/v0.2-audit/response_errors.csv:29: trailing whitespace.
+0.135,1.5966822790704396e-16,1.6741535788995277e-16,0.0003304078044479747
unity_theory_website_handoff_r4/source/history/v0.2-audit/response_errors.csv:30: trailing whitespace.
+0.14,7.476057065309587e-18,1.4859498229187626e-16,0.00037583358143138834
unity_theory_website_handoff_r4/source/history/v0.2-audit/response_errors.csv:31: trailing whitespace.
+0.145,1.5998336307902662e-16,2.9679077705036875e-16,0.00042597506937348015
unity_theory_website_handoff_r4/source/history/v0.2-audit/response_errors.csv:32: trailing whitespace.
+0.15,1.80881789648156e-16,2.6922367122400453e-17,0.000481194271426729
unity_theory_website_handoff_r4/source/history/v0.2-audit/response_errors.csv:33: trailing whitespace.
+0.155,1.607306281609323e-16,1.6919254700788828e-16,0.0005418740977675396
unity_theory_website_handoff_r4/source/history/v0.2-audit/response_errors.csv:34: trailing whitespace.
+0.16,8.68309621962574e-17,1.4755424420938208e-16,0.000608419403946492
unity_theory_website_handoff_r4/source/history/v0.2-audit/response_errors.csv:35: trailing whitespace.
+0.165,8.154630440927093e-17,4.144357011265038e-16,0.0006812580955515673
unity_theory_website_handoff_r4/source/history/v0.2-audit/response_errors.csv:36: trailing whitespace.
+0.17,1.6675831967574674e-16,3.0127341118532084e-16,0.0007608423045840971
unity_theory_website_handoff_r4/source/history/v0.2-audit/response_errors.csv:37: trailing whitespace.
+0.17500000000000002,3.408019670251375e-17,1.6825934542881102e-16,0.0008476496432398814
unity_theory_website_handoff_r4/source/history/v0.2-audit/response_errors.csv:38: trailing whitespace.
+0.18,1.8259791351069037e-16,2.1137988871408633e-16,0.0009421845411354525
unity_theory_website_handoff_r4/source/history/v0.2-audit/response_errors.csv:39: trailing whitespace.
+0.185,8.385355727788255e-17,3.2403604824068745e-16,0.0010449796724131134
unity_theory_website_handoff_r4/source/history/v0.2-audit/response_errors.csv:40: trailing whitespace.
+0.19,1.8853484516683885e-16,1.4798481013089274e-16,0.0011565974796156058
unity_theory_website_handoff_r4/source/history/v0.2-audit/response_errors.csv:41: trailing whitespace.
+0.195,1.6798227941722876e-16,1.6090274017684327e-16,0.0012776318017246966
unity_theory_website_handoff_r4/source/history/v0.2-audit/response_errors.csv:42: trailing whitespace.
+0.2,1.654812618341672e-17,7.294610682907902e-17,0.0014087096143150137
unity_theory_website_handoff_r4/source/history/v0.2-audit/response_errors.csv:43: trailing whitespace.
+0.20500000000000002,1.6684860550749978e-16,2.9475883867930755e-16,0.0015504928904323844
unity_theory_website_handoff_r4/source/history/v0.2-audit/response_errors.csv:44: trailing whitespace.
+0.21,1.6722915953123487e-16,2.8543216310276797e-16,0.0017036805914752199
unity_theory_website_handoff_r4/source/history/v0.2-audit/response_errors.csv:45: trailing whitespace.
+0.215,3.391528165449455e-17,4.3140014097650123e-16,0.0018690107981620266
unity_theory_website_handoff_r4/source/history/v0.2-audit/response_errors.csv:46: trailing whitespace.
+0.22,1.8790534197850396e-16,4.531117585381362e-16,0.002047262992511439
unity_theory_website_handoff_r4/source/history/v0.2-audit/response_errors.csv:47: trailing whitespace.
+0.225,1.6917168824946999e-16,7.422809689753937e-17,0.0022392605027256843
unity_theory_website_handoff_r4/source/history/v0.2-audit/response_errors.csv:48: trailing whitespace.
+0.23,7.96164672291992e-18,2.103194860615716e-16,0.002445873123900813
unity_theory_website_handoff_r4/source/history/v0.2-audit/response_errors.csv:49: trailing whitespace.
+0.23500000000000001,1.9124673161217482e-16,4.413542719834767e-16,0.002668019928666678
unity_theory_website_handoff_r4/source/history/v0.2-audit/response_errors.csv:50: trailing whitespace.
+0.24,8.629525274137911e-17,2.0297642329165707e-16,0.002906672283122518
unity_theory_website_handoff_r4/source/history/v0.2-audit/response_errors.csv:51: trailing whitespace.
+0.245,1.7221735055249735e-16,3.0854106948731046e-16,0.00316285708486083
unity_theory_website_handoff_r4/source/history/v0.2-audit/response_errors.csv:52: trailing whitespace.
+0.25,9.036797088940656e-17,2.859289197747347e-16,0.003437660241422096
unity_theory_website_handoff_r4/source/history/v0.2-audit/response_errors.csv:53: trailing whitespace.
+0.255,1.215065348977174e-17,1.4085121776831195e-16,0.003732230409262998
unity_theory_website_handoff_r4/source/history/v0.2-audit/response_errors.csv:54: trailing whitespace.
+0.26,8.828852114575246e-17,1.1863297384346896e-17,0.004047783015219043
unity_theory_website_handoff_r4/source/history/v0.2-audit/response_errors.csv:55: trailing whitespace.
+0.265,4.0217059457306113e-17,4.0584651314696895e-16,0.004385604584562856
unity_theory_website_handoff_r4/source/history/v0.2-audit/response_errors.csv:56: trailing whitespace.
+0.27,1.7608690658622113e-16,2.7856298723821517e-16,0.004747057402106547
unity_theory_website_handoff_r4/source/history/v0.2-audit/response_errors.csv:57: trailing whitespace.
+0.275,3.028928214488606e-17,3.655857068333067e-17,0.005133584535382679
unity_theory_website_handoff_r4/source/history/v0.2-audit/response_errors.csv:58: trailing whitespace.
+0.28,8.896618652057813e-17,4.217611372243682e-16,0.005546715251836481
unity_theory_website_handoff_r4/source/history/v0.2-audit/response_errors.csv:59: trailing whitespace.
+0.28500000000000003,1.2943877944945694e-16,4.273629879897902e-16,0.005988070865153026
unity_theory_website_handoff_r4/source/history/v0.2-audit/response_errors.csv:60: trailing whitespace.
+0.29,1.801211457224235e-16,1.8740713271904554e-16,0.006459371049412375
unity_theory_website_handoff_r4/source/history/v0.2-audit/response_errors.csv:61: trailing whitespace.
+0.295,2.0237521564552579e-16,2.9530523412713347e-16,0.006962440663734606
unity_theory_website_handoff_r4/source/history/v0.2-audit/response_errors.csv:62: trailing whitespace.
+0.3,9.158727891744648e-17,1.3170893276657414e-16,0.007499217134486776
unity_theory_website_handoff_r4/source/history/v0.2-audit/response_errors.csv:63: trailing whitespace.
+0.305,2.0446580884158654e-16,1.834493520107382e-16,0.008071758447062984
unity_theory_website_handoff_r4/source/history/v0.2-audit/response_errors.csv:64: trailing whitespace.
+0.31,1.8440439484414337e-16,2.4701163358982843e-17,0.008682251804746386
unity_theory_website_handoff_r4/source/history/v0.2-audit/response_errors.csv:65: trailing whitespace.
+0.315,1.0051915105458224e-16,1.846296950086689e-16,0.009333023018326541
unity_theory_website_handoff_r4/source/history/v0.2-audit/response_errors.csv:66: trailing whitespace.
+0.32,9.343026956375268e-17,3.674157681590604e-16,0.010026546697019124
unity_theory_website_handoff_r4/source/history/v0.2-audit/response_errors.csv:67: trailing whitespace.
+0.325,2.820272699697409e-16,1.2735049431999004e-16,0.01076545731897427
unity_theory_website_handoff_r4/source/history/v0.2-audit/response_errors.csv:68: trailing whitespace.
+0.33,1.9003230359318146e-16,2.8525556870504117e-16,0.01155256126828044
unity_theory_website_handoff_r4/source/history/v0.2-audit/response_errors.csv:69: trailing whitespace.
+0.335,8.48288363382663e-18,1.25105105273469e-16,0.01239084993513834
unity_theory_website_handoff_r4/source/history/v0.2-audit/response_errors.csv:70: trailing whitespace.
+0.34,9.781620882542805e-17,1.303714748235727e-16,0.013283513986760968
unity_theory_website_handoff_r4/source/history/v0.2-audit/response_errors.csv:71: trailing whitespace.
+0.34500000000000003,1.0678343381000417e-16,1.8985599884709142e-16,0.014233958928880934
unity_theory_website_handoff_r4/source/history/v0.2-audit/response_errors.csv:72: trailing whitespace.
+0.35000000000000003,1.953402147556393e-16,3.871918289757598e-16,0.015245822091597255
unity_theory_website_handoff_r4/source/history/v0.2-audit/response_errors.csv:73: trailing whitespace.
+0.355,2.196668863621805e-16,2.4694485833278817e-16,0.016322991188915448
unity_theory_website_handoff_r4/source/history/v0.2-audit/response_errors.csv:74: trailing whitespace.
+0.36,1.0093137783019222e-16,3.882922770228719e-16,0.01746962461899977
unity_theory_website_handoff_r4/source/history/v0.2-audit/response_errors.csv:75: trailing whitespace.
+0.365,1.0596054034027621e-16,3.4327685074158576e-16,0.018690173692097987
unity_theory_website_handoff_r4/source/history/v0.2-audit/response_errors.csv:76: trailing whitespace.
+0.37,2.253383711678635e-16,3.6256853612655753e-16,0.019989406995695166
unity_theory_website_handoff_r4/source/history/v0.2-audit/response_errors.csv:77: trailing whitespace.
+0.375,1.053590327737496e-16,5.228215528106283e-16,0.0213724371320335
unity_theory_website_handoff_r4/source/history/v0.2-audit/response_errors.csv:78: trailing whitespace.
+0.38,2.3113185212829573e-16,1.1961933157542783e-16,0.022844750092165363
unity_theory_website_handoff_r4/source/history/v0.2-audit/response_errors.csv:79: trailing whitespace.
+0.385,2.583256599046999e-16,3.679457452671511e-16,0.02441223756365707
unity_theory_website_handoff_r4/source/history/v0.2-audit/response_errors.csv:80: trailing whitespace.
+0.39,1.1939104431004908e-16,4.715707245712512e-16,0.026081232506503557
unity_theory_website_handoff_r4/source/history/v0.2-audit/response_errors.csv:81: trailing whitespace.
+0.395,1.0649469972138977e-16,2.402357686238321e-16,0.027858548374425165
unity_theory_website_handoff_r4/source/history/v0.2-audit/response_errors.csv:82: trailing whitespace.
+0.4,3.475888449150758e-16,1.6851492611800466e-16,0.029751522407200928
unity_theory_website_handoff_r4/source/history/v0.2-audit/response_errors.csv:83: trailing whitespace.
+0.405,2.4112673470981035e-16,5.577421770519085e-16,0.03176806347495952
unity_theory_website_handoff_r4/source/history/v0.2-audit/response_errors.csv:84: trailing whitespace.
+0.41000000000000003,2.1955491765060088e-16,1.5670423342609104e-16,0.03391670501833917
unity_theory_website_handoff_r4/source/history/v0.2-audit/response_errors.csv:85: trailing whitespace.
+0.41500000000000004,1.1100788083007975e-16,5.303603743457066e-16,0.036206663700285836
unity_theory_website_handoff_r4/source/history/v0.2-audit/response_errors.csv:86: trailing whitespace.
+0.42,2.233599185214517e-16,2.2721214731557246e-16,0.03864790446726378
unity_theory_website_handoff_r4/source/history/v0.2-audit/response_errors.csv:87: trailing whitespace.
+0.425,4.0802190586523573e-16,1.198642146002205e-16,0.04125121281123288
unity_theory_website_handoff_r4/source/history/v0.2-audit/response_errors.csv:88: trailing whitespace.
+0.43,1.1728983987199298e-16,1.6273545062646155e-16,0.04402827513056838
unity_theory_website_handoff_r4/source/history/v0.2-audit/response_errors.csv:89: trailing whitespace.
+0.435,2.313187791977813e-16,1.0346153809300982e-16,0.046991768209930965
unity_theory_website_handoff_r4/source/history/v0.2-audit/response_errors.csv:90: trailing whitespace.
+0.44,3.0258831681756964e-17,1.2023264489343184e-16,0.050155458978028894
unity_theory_website_handoff_r4/source/history/v0.2-audit/response_errors.csv:91: trailing whitespace.
+0.445,1.2360390310156266e-16,2.0803590358236824e-16,0.053534315860375964
unity_theory_website_handoff_r4/source/history/v0.2-audit/response_errors.csv:92: trailing whitespace.
+0.45,1.5067158599489192e-17,3.966565537294875e-16,0.05714463322397521
unity_theory_website_handoff_r4/source/history/v0.2-audit/response_errors.csv:93: trailing whitespace.
+0.455,1.2589635687095127e-16,3.881077357170989e-16,0.06100417061470913
unity_theory_website_handoff_r4/source/history/v0.2-audit/response_errors.csv:94: trailing whitespace.
+0.46,1.2393653941579585e-16,3.1383878918088146e-16,0.0651323087186517
unity_theory_website_handoff_r4/source/history/v0.2-audit/response_errors.csv:95: trailing whitespace.
+0.465,1.406369605887907e-16,3.415062358031676e-16,0.06955022423760009
unity_theory_website_handoff_r4/source/history/v0.2-audit/response_errors.csv:96: trailing whitespace.
+0.47000000000000003,2.2535634236467066e-17,5.632083220239616e-16,0.0742810861588458
unity_theory_website_handoff_r4/source/history/v0.2-audit/response_errors.csv:97: trailing whitespace.
+0.47500000000000003,4.692153932582286e-16,4.967948647377881e-16,0.07935027622014577
unity_theory_website_handoff_r4/source/history/v0.2-audit/response_errors.csv:98: trailing whitespace.
+0.48,1.324369323826174e-16,2.586974446391403e-16,0.08478563672249022
unity_theory_website_handoff_r4/source/history/v0.2-audit/response_errors.csv:99: trailing whitespace.
+0.485,6.117521615355006e-17,3.4039237350976263e-16,0.09061774922206126
unity_theory_website_handoff_r4/source/history/v0.2-audit/response_errors.csv:100: trailing whitespace.
+0.49,1.6412897092276154e-16,3.7878792733637843e-16,0.09688024803142362
unity_theory_website_handoff_r4/source/history/v0.2-audit/response_errors.csv:101: trailing whitespace.
+0.495,1.56618105569811e-16,2.895498362202285e-16,0.10361017286458522
unity_theory_website_handoff_r4/source/history/v0.2-audit/response_errors.csv:102: trailing whitespace.
+0.5,3.477683128628318e-16,1.9060530689604724e-16,0.11084836534805269
unity_theory_website_handoff_r4/source/history/v0.2-audit/response_errors.csv:103: trailing whitespace.
+0.505,2.097877944518228e-16,1.8762375669031797e-16,0.1186399144526825
unity_theory_website_handoff_r4/source/history/v0.2-audit/response_errors.csv:104: trailing whitespace.
+0.51,1.457343690553772e-16,9.159651420457747e-17,0.12703465612068468
unity_theory_website_handoff_r4/source/history/v0.2-audit/response_errors.csv:105: trailing whitespace.
+0.515,3.010978547752773e-16,2.0757776900206216e-16,0.13608773237912022
unity_theory_website_handoff_r4/source/history/v0.2-audit/response_errors.csv:106: trailing whitespace.
+0.52,1.936746292760936e-17,1.825376943225509e-16,0.14586021491134643
unity_theory_website_handoff_r4/source/history/v0.2-audit/response_errors.csv:107: trailing whitespace.
+0.525,3.4753906025080866e-16,3.5131116988927915e-16,0.15641979720156293
unity_theory_website_handoff_r4/source/history/v0.2-audit/response_errors.csv:108: trailing whitespace.
+0.53,4.432915122869297e-17,2.9367711009546203e-16,0.16784155768149184
unity_theory_website_handoff_r4/source/history/v0.2-audit/response_errors.csv:109: trailing whitespace.
+0.535,5.638727189069972e-16,8.662481961302486e-16,0.18020879336455325
unity_theory_website_handoff_r4/source/history/v0.2-audit/response_errors.csv:110: trailing whitespace.
+0.54,3.28054485240432e-16,7.19791380617257e-16,0.19361391863330812
unity_theory_website_handoff_r4/source/history/v0.2-audit/response_errors.csv:111: trailing whitespace.
+0.545,5.708281512070447e-16,6.44899688902263e-16,0.2081594162645403
unity_theory_website_handoff_r4/source/history/v0.2-audit/response_errors.csv:112: trailing whitespace.
+0.55,3.108778340912154e-16,6.279840017196332e-16,0.22395881617614521
unity_theory_website_handoff_r4/source/history/v0.2-audit/response_errors.csv:113: trailing whitespace.
+0.555,2.1763403473969063e-16,2.2477249488645165e-16,0.24113765999992667
unity_theory_website_handoff_r4/source/history/v0.2-audit/response_errors.csv:114: trailing whitespace.
+0.56,4.451158619405583e-16,3.442509830436422e-16,0.25983438399571274
unity_theory_website_handoff_r4/source/history/v0.2-audit/response_errors.csv:115: trailing whitespace.
+0.5650000000000001,1.3143003501117465e-16,5.651762995889659e-16,0.28020101574902234
unity_theory_website_handoff_r4/source/history/v0.2-audit/response_errors.csv:116: trailing whitespace.
+0.5700000000000001,4.505538969111587e-16,7.00364858202142e-16,0.30240352725512737
unity_theory_website_handoff_r4/source/history/v0.2-audit/response_errors.csv:117: trailing whitespace.
+0.5750000000000001,2.3124254733005867e-16,1.0198565782002405e-15,0.32662161305717924
unity_theory_website_handoff_r4/source/history/v0.2-audit/response_errors.csv:118: trailing whitespace.
+0.58,1.6417170786720292e-16,9.54705662523029e-16,0.353047560962845
unity_theory_website_handoff_r4/source/history/v0.2-audit/response_errors.csv:119: trailing whitespace.
+0.585,5.316358916597845e-16,5.980138546943961e-16,0.38188374856284446
unity_theory_website_handoff_r4/source/history/v0.2-audit/response_errors.csv:120: trailing whitespace.
+0.59,2.6918076439482267e-16,7.381024163115219e-16,0.4133381278139574
unity_theory_website_handoff_r4/source/history/v0.2-audit/response_errors.csv:121: trailing whitespace.
+0.595,1.1151965364141267e-15,3.907250260252492e-16,0.44761685597577483
unity_theory_website_handoff_r4/source/history/v0.2-audit/response_errors.csv:122: trailing whitespace.
+0.6,6.395054997400325e-16,1.6988136205687717e-15,0.48491301368590417
unity_theory_website_handoff_r4/source/history/v0.2-audit/response_errors.csv:123: trailing whitespace.
+0.605,4.275525181559113e-16,2.2604776966064163e-15,0.5253901697160944
unity_theory_website_handoff_r4/source/history/v0.2-audit/response_errors.csv:124: trailing whitespace.
+0.61,4.566567887158275e-16,6.28059967450776e-16,0.5691595083388383
unity_theory_website_handoff_r4/source/history/v0.2-audit/response_errors.csv:125: trailing whitespace.
+0.615,8.78578692851715e-16,6.671955046917499e-16,0.616249507479587
unity_theory_website_handoff_r4/source/history/v0.2-audit/response_errors.csv:126: trailing whitespace.
+0.62,4.115472865402065e-16,6.979152244470231e-16,0.6665680158331687
unity_theory_website_handoff_r4/source/history/v0.2-audit/response_errors.csv:127: trailing whitespace.
+0.625,2.1665721413876943e-16,9.221326943502563e-16,0.7198583673599599
unity_theory_website_handoff_r4/source/history/v0.2-audit/response_errors.csv:128: trailing whitespace.
+0.63,4.71986062970139e-16,1.3800364018575019e-15,0.7756541847846761
unity_theory_website_handoff_r4/source/history/v0.2-audit/response_errors.csv:129: trailing whitespace.
+0.635,4.2577604728573587e-16,9.265909185507187e-16,0.8332417160031275
unity_theory_website_handoff_r4/source/history/v0.2-audit/response_errors.csv:130: trailing whitespace.
+0.64,1.4343409499115407e-15,6.835914473538264e-16,0.891643073256024
unity_theory_website_handoff_r4/source/history/v0.2-audit/response_errors.csv:131: trailing whitespace.
+0.645,1.6690785962593044e-15,1.1552469145617118e-15,0.9496365123865802
unity_theory_website_handoff_r4/source/history/v0.2-audit/response_errors.csv:132: trailing whitespace.
+0.65,5.219592121752052e-16,7.566665536656063e-16,1.0058276895286016
unity_theory_website_handoff_r4/source/history/v0.2-audit/response_errors.csv:133: trailing whitespace.
+0.655,6.009569692031511e-16,1.4738351486250387e-15,1.0587757933940807
unity_theory_website_handoff_r4/source/history/v0.2-audit/response_errors.csv:134: trailing whitespace.
+0.66,1.0306061502017613e-15,3.565915681414602e-16,1.1071608946048863
unity_theory_website_handoff_r4/source/history/v0.2-audit/response_errors.csv:135: trailing whitespace.
+0.665,2.2332294042733506e-15,1.1747252841822452e-15,1.1499597577025682
unity_theory_website_handoff_r4/source/history/v0.2-audit/response_errors.csv:136: trailing whitespace.
+0.67,1.1986874305128058e-15,1.0829668493041966e-15,1.1865870823608728
unity_theory_website_handoff_r4/source/history/v0.2-audit/response_errors.csv:137: trailing whitespace.
+0.675,1.6377556084395136e-15,1.2490204224852797e-15,1.2169659625136642
unity_theory_website_handoff_r4/source/history/v0.2-audit/response_errors.csv:138: trailing whitespace.
+0.68,7.101059175343723e-16,6.618212778029464e-16,1.2415141462967174
unity_theory_website_handoff_r4/source/history/v0.2-audit/response_errors.csv:139: trailing whitespace.
+0.685,1.3747176092823157e-15,1.1047451890176796e-15,1.2610601359530158
unity_theory_website_handoff_r4/source/history/v0.2-audit/response_errors.csv:140: trailing whitespace.
+0.6900000000000001,1.3878007578903487e-15,1.2400008074578396e-15,1.2767216150999374
unity_theory_website_handoff_r4/source/history/v0.2-audit/response_errors.csv:141: trailing whitespace.
+0.6950000000000001,1.0161251592939836e-15,1.409460983550707e-15,1.289781447998841
unity_theory_website_handoff_r4/source/history/v0.2-audit/response_errors.csv:142: trailing whitespace.
+0.7000000000000001,3.6062201701316515e-16,8.114642241671901e-16,1.3015864625971174
unity_theory_website_handoff_r4/source/history/v0.2-audit/response_errors.csv:143: trailing whitespace.
+0.705,2.1917272237791024e-15,7.500568059095057e-16,1.3134792165035247
unity_theory_website_handoff_r4/source/history/v0.2-audit/response_errors.csv:144: trailing whitespace.
+0.71,3.300412870446358e-16,7.077381725400537e-16,1.3267596261356271
unity_theory_website_handoff_r4/source/history/v0.2-audit/response_errors.csv:145: trailing whitespace.
+0.715,3.693757826326439e-16,8.743514016090532e-16,1.3426646607815067
unity_theory_website_handoff_r4/source/history/v0.2-audit/response_errors.csv:146: trailing whitespace.
+0.72,1.6174709027433499e-15,1.5133746759499945e-15,1.3623506308199482
unity_theory_website_handoff_r4/source/history/v0.2-audit/response_errors.csv:147: trailing whitespace.
+0.725,1.115004573074754e-15,4.759748505221173e-16,1.3868642902598858
unity_theory_website_handoff_r4/source/history/v0.2-audit/response_errors.csv:148: trailing whitespace.
+0.73,6.686370696176716e-16,6.505016659687044e-16,1.4170978751930103
unity_theory_website_handoff_r4/source/history/v0.2-audit/response_errors.csv:149: trailing whitespace.
+0.735,1.3420202778367482e-15,7.180450451533296e-16,1.4537407592621696
unity_theory_website_handoff_r4/source/history/v0.2-audit/response_errors.csv:150: trailing whitespace.
+0.74,8.393895364584824e-16,2.12480194547282e-15,1.4972613452232317
unity_theory_website_handoff_r4/source/history/v0.2-audit/response_errors.csv:151: trailing whitespace.
+0.745,1.5931164419875076e-15,8.038473740797576e-16,1.5479596945566187
unity_theory_website_handoff_r4/source/history/v0.2-audit/response_errors.csv:152: trailing whitespace.
+0.75,2.3166325338814886e-15,1.4455949952993358e-15,1.6061042170983741
unity_theory_website_handoff_r4/source/history/v0.2-audit/response_errors.csv:153: trailing whitespace.
+0.755,1.565935607013931e-15,1.012709768423449e-15,1.6721100201336798
unity_theory_website_handoff_r4/source/history/v0.2-audit/response_errors.csv:154: trailing whitespace.
+0.76,5.808832610144996e-16,5.412487817083241e-16,1.7466752250613027
unity_theory_website_handoff_r4/source/history/v0.2-audit/response_errors.csv:155: trailing whitespace.
+0.765,2.06701248723341e-15,8.11287400481298e-16,1.8308043917784884
unity_theory_website_handoff_r4/source/history/v0.2-audit/response_errors.csv:156: trailing whitespace.
+0.77,6.025672536688946e-16,9.495535834373854e-16,1.925701248940933
unity_theory_website_handoff_r4/source/history/v0.2-audit/response_errors.csv:157: trailing whitespace.
+0.775,1.0378816406259214e-15,6.57891575740334e-16,2.0325554895388724
unity_theory_website_handoff_r4/source/history/v0.2-audit/response_errors.csv:158: trailing whitespace.
+0.78,5.203033302349248e-16,1.6980389433597744e-15,2.152253130092429
unity_theory_website_handoff_r4/source/history/v0.2-audit/response_errors.csv:159: trailing whitespace.
+0.785,3.3399254181129614e-16,5.572797320332169e-16,2.2850230212651015
unity_theory_website_handoff_r4/source/history/v0.2-audit/response_errors.csv:160: trailing whitespace.
+0.79,2.4914298586869998e-15,1.1707417861308389e-15,2.430025743376381
unity_theory_website_handoff_r4/source/history/v0.2-audit/response_errors.csv:161: trailing whitespace.
+0.795,6.63969100555143e-16,8.450730749109608e-16,2.584917981696216
unity_theory_website_handoff_r4/source/history/v0.2-audit/response_errors.csv:162: trailing whitespace.
+0.8,1.9084751850908427e-15,1.147536921396031e-15,2.745491440382909
unity_theory_website_handoff_r4/source/history/v0.2-audit/response_errors.csv:163: trailing whitespace.
+0.805,7.244816371109788e-16,5.854047447690232e-16,2.905571686299748
unity_theory_website_handoff_r4/source/history/v0.2-audit/response_errors.csv:164: trailing whitespace.
+0.81,6.958601891083363e-16,9.165753363063774e-16,3.057409049689617
unity_theory_website_handoff_r4/source/history/v0.2-audit/response_errors.csv:165: trailing whitespace.
+0.8150000000000001,5.935523679770819e-16,9.470168276690144e-16,3.1927042734425526
unity_theory_website_handoff_r4/source/history/v0.2-audit/response_errors.csv:166: trailing whitespace.
+0.8200000000000001,3.703053174924839e-16,6.25179654669793e-16,3.304130254736754
unity_theory_website_handoff_r4/source/history/v0.2-audit/response_errors.csv:167: trailing whitespace.
+0.8250000000000001,1.3907615103690408e-15,7.677595124508613e-16,3.386853471397667
unity_theory_website_handoff_r4/source/history/v0.2-audit/response_errors.csv:168: trailing whitespace.
+0.8300000000000001,1.0823262390009925e-15,1.5500051038645623e-15,3.4394163417163974
unity_theory_website_handoff_r4/source/history/v0.2-audit/response_errors.csv:169: trailing whitespace.
+0.835,4.826498048405351e-16,8.297788343866533e-16,3.4636163185398994
unity_theory_website_handoff_r4/source/history/v0.2-audit/response_errors.csv:170: trailing whitespace.
+0.84,5.920810677253587e-16,6.809182610123645e-16,3.4635379186453124
unity_theory_website_handoff_r4/source/history/v0.2-audit/response_errors.csv:171: trailing whitespace.
+0.845,2.4014893537835524e-15,4.734831650086399e-16,3.444254099853499
unity_theory_website_handoff_r4/source/history/v0.2-audit/response_errors.csv:172: trailing whitespace.
+0.85,7.273375047285265e-16,9.567746429977893e-16,3.410700495054625
unity_theory_website_handoff_r4/source/history/v0.2-audit/response_errors.csv:173: trailing whitespace.
+0.855,7.493159504339959e-16,1.1128757501876712e-15,3.366972343736208
unity_theory_website_handoff_r4/source/history/v0.2-audit/response_errors.csv:174: trailing whitespace.
+0.86,1.0035471338151793e-15,6.297390008567318e-16,3.3160436153940727
unity_theory_website_handoff_r4/source/history/v0.2-audit/response_errors.csv:175: trailing whitespace.
+0.865,1.060024051363224e-15,4.566422027597735e-16,3.259783885646978
unity_theory_website_handoff_r4/source/history/v0.2-audit/response_errors.csv:176: trailing whitespace.
+0.87,2.4169300310333624e-16,6.90293935540258e-16,3.1991363715411882
unity_theory_website_handoff_r4/source/history/v0.2-audit/response_errors.csv:177: trailing whitespace.
+0.875,3.5832357656824924e-16,8.611960771907466e-16,3.134358572558053
unity_theory_website_handoff_r4/source/history/v0.2-audit/response_errors.csv:178: trailing whitespace.
+0.88,3.5092286177129326e-16,6.216035710767478e-16,3.065269592821124
unity_theory_website_handoff_r4/source/history/v0.2-audit/response_errors.csv:179: trailing whitespace.
+0.885,6.798159562782506e-16,3.4735009792033146e-16,2.9914773550689158
unity_theory_website_handoff_r4/source/history/v0.2-audit/response_errors.csv:180: trailing whitespace.
+0.89,7.155290705911416e-16,5.452191052734142e-16,2.912573454331059
unity_theory_website_handoff_r4/source/history/v0.2-audit/response_errors.csv:181: trailing whitespace.
+0.895,6.724143749666129e-16,3.8430868918784065e-16,2.8282884357433153
unity_theory_website_handoff_r4/source/history/v0.2-audit/response_errors.csv:182: trailing whitespace.
+0.9,7.401830118679417e-16,5.477727306029713e-16,2.7386014806673598
unity_theory_website_handoff_r4/source/history/v0.2-audit/response_errors.csv:183: trailing whitespace.
+0.905,3.674977187821137e-16,6.420974265361837e-16,2.6437999783917814
unity_theory_website_handoff_r4/source/history/v0.2-audit/response_errors.csv:184: trailing whitespace.
+0.91,6.29924211967264e-16,2.969704654239499e-16,2.54448821701322
unity_theory_website_handoff_r4/source/history/v0.2-audit/response_errors.csv:185: trailing whitespace.
+0.915,6.641813059739528e-16,8.696731008251269e-16,2.4415502653284022
unity_theory_website_handoff_r4/source/history/v0.2-audit/response_errors.csv:186: trailing whitespace.
+0.92,5.487446560352516e-16,5.190978521512084e-16,2.336078287470572
unity_theory_website_handoff_r4/source/history/v0.2-audit/response_errors.csv:187: trailing whitespace.
+0.925,2.5423859912367397e-16,4.647861265676295e-16,2.2292818125001292
unity_theory_website_handoff_r4/source/history/v0.2-audit/response_errors.csv:188: trailing whitespace.
+0.93,3.5449799684267066e-16,5.252879619200313e-16,2.1223943697625662
unity_theory_website_handoff_r4/source/history/v0.2-audit/response_errors.csv:189: trailing whitespace.
+0.935,3.2216973900000177e-16,9.608916523109144e-16,2.0165912982717593
unity_theory_website_handoff_r4/source/history/v0.2-audit/response_errors.csv:190: trailing whitespace.
+0.9400000000000001,3.104299263623793e-16,5.451652948824691e-16,1.91292762203308
unity_theory_website_handoff_r4/source/history/v0.2-audit/response_errors.csv:191: trailing whitespace.
+0.9450000000000001,2.1289191116498596e-16,7.217842819153168e-16,1.812299383210806
unity_theory_website_handoff_r4/source/history/v0.2-audit/response_errors.csv:192: trailing whitespace.
+0.9500000000000001,1.1828115523766588e-16,3.9797339039212305e-16,1.7154272231869023
unity_theory_website_handoff_r4/source/history/v0.2-audit/response_errors.csv:193: trailing whitespace.
+0.9550000000000001,1.600487189909425e-16,3.7695584483490495e-16,1.6228580745921444
unity_theory_website_handoff_r4/source/history/v0.2-audit/response_errors.csv:194: trailing whitespace.
+0.96,1.5563587751133571e-16,1.2811430020988203e-15,1.5349796306666221
unity_theory_website_handoff_r4/source/history/v0.2-audit/response_errors.csv:195: trailing whitespace.
+0.965,2.4882270616976247e-16,5.786433585061643e-16,1.4520423858223153
unity_theory_website_handoff_r4/source/history/v0.2-audit/response_errors.csv:196: trailing whitespace.
+0.97,3.7164754161704483e-16,1.3151230434109269e-15,1.3741849365679464
unity_theory_website_handoff_r4/source/history/v0.2-audit/response_errors.csv:197: trailing whitespace.
+0.975,3.9934976257306357e-16,6.754220332757407e-16,1.301459406665982
unity_theory_website_handoff_r4/source/history/v0.2-audit/response_errors.csv:198: trailing whitespace.
+0.98,3.1597306967976376e-16,7.971496456039202e-16,1.233854987208733
unity_theory_website_handoff_r4/source/history/v0.2-audit/response_errors.csv:199: trailing whitespace.
+0.985,1.6226519015394773e-16,4.739986520903668e-16,1.1713184954890665
unity_theory_website_handoff_r4/source/history/v0.2-audit/response_errors.csv:200: trailing whitespace.
+0.99,1.2564438196118853e-16,2.8064110775084294e-16,1.1137715091567602
unity_theory_website_handoff_r4/source/history/v0.2-audit/response_errors.csv:201: trailing whitespace.
+0.995,2.2824492578948114e-16,3.3253245919369714e-16,1.0611240463438594
unity_theory_website_handoff_r4/source/history/v0.2-audit/response_errors.csv:202: trailing whitespace.
+1.0,1.4611364645495987e-16,4.1937928031254063e-16,1.013284990588812
unity_theory_website_handoff_r4/source/history/v0.2-audit/response_errors.csv:203: trailing whitespace.
+1.0050000000000001,2.4232805100586366e-16,2.592748381200747e-16,0.9701695601147706
unity_theory_website_handoff_r4/source/history/v0.2-audit/response_errors.csv:204: trailing whitespace.
+1.01,1.531370625372656e-16,3.5539899315368417e-16,0.9317041473765767
unity_theory_website_handoff_r4/source/history/v0.2-audit/response_errors.csv:205: trailing whitespace.
+1.0150000000000001,1.2002641341774377e-16,6.374184297426569e-16,0.8978288499559769
unity_theory_website_handoff_r4/source/history/v0.2-audit/response_errors.csv:206: trailing whitespace.
+1.02,1.792861136302399e-16,2.1202475833040486e-16,0.8684980101683332
unity_theory_website_handoff_r4/source/history/v0.2-audit/response_errors.csv:207: trailing whitespace.
+1.025,4.2111591791509345e-16,7.534847041949177e-16,0.8436790990957892
unity_theory_website_handoff_r4/source/history/v0.2-audit/response_errors.csv:208: trailing whitespace.
+1.03,3.5803556591693983e-16,2.9342684561967065e-16,0.8233503294451914
unity_theory_website_handoff_r4/source/history/v0.2-audit/response_errors.csv:209: trailing whitespace.
+1.035,9.796908642571115e-17,2.237051034497581e-16,0.8074974544185981
unity_theory_website_handoff_r4/source/history/v0.2-audit/response_errors.csv:210: trailing whitespace.
+1.04,2.3460468092913625e-16,7.512163122153836e-16,0.7961102855486156
unity_theory_website_handoff_r4/source/history/v0.2-audit/response_errors.csv:211: trailing whitespace.
+1.045,3.9224293872297323e-16,6.54156088237526e-16,0.7891795087302894
unity_theory_website_handoff_r4/source/history/v0.2-audit/response_errors.csv:212: trailing whitespace.
+1.05,1.4014189247187876e-16,1.7883039680117536e-16,0.7866943599241936
unity_theory_website_handoff_r4/source/history/v0.2-audit/response_errors.csv:213: trailing whitespace.
+1.055,1.2086623738813532e-16,2.731086554032303e-16,0.7886416170668381
unity_theory_website_handoff_r4/source/history/v0.2-audit/response_errors.csv:214: trailing whitespace.
+1.06,9.174893502532541e-17,6.422941465422861e-16,0.7950061733196448
unity_theory_website_handoff_r4/source/history/v0.2-audit/response_errors.csv:215: trailing whitespace.
+1.065,1.2320865060361796e-16,5.055911471579778e-16,0.8057732077315019
unity_theory_website_handoff_r4/source/history/v0.2-audit/response_errors.csv:216: trailing whitespace.
+1.07,1.2217783485115486e-16,3.6359908689361455e-16,0.8209317112574714
unity_theory_website_handoff_r4/source/history/v0.2-audit/response_errors.csv:217: trailing whitespace.
+1.075,1.8955800428941508e-16,8.115750635291828e-16,0.8404789087176384
unity_theory_website_handoff_r4/source/history/v0.2-audit/response_errors.csv:218: trailing whitespace.
+1.08,2.4835060104727125e-16,3.6947842675484064e-16,0.8644249719234207
unity_theory_website_handoff_r4/source/history/v0.2-audit/response_errors.csv:219: trailing whitespace.
+1.085,1.6184677039471363e-16,2.2951148162703916e-16,0.8927973467701086
unity_theory_website_handoff_r4/source/history/v0.2-audit/response_errors.csv:220: trailing whitespace.
+1.09,1.8726666208397965e-16,3.586842819037983e-16,0.9256439891196783
unity_theory_website_handoff_r4/source/history/v0.2-audit/response_errors.csv:221: trailing whitespace.
+1.095,1.2859105078236714e-16,7.599932540601028e-16,0.9630347735043516
unity_theory_website_handoff_r4/source/history/v0.2-audit/response_errors.csv:222: trailing whitespace.
+1.1,1.9682133862310405e-16,4.773641339215702e-16,1.0050602524179664
unity_theory_website_handoff_r4/source/history/v0.2-audit/response_errors.csv:223: trailing whitespace.
+1.105,1.7611391165983237e-16,4.3711380287819177e-16,1.0518267547376152
unity_theory_website_handoff_r4/source/history/v0.2-audit/response_errors.csv:224: trailing whitespace.
+1.11,1.5514572150814117e-16,4.139792100843323e-16,1.103446483819977
unity_theory_website_handoff_r4/source/history/v0.2-audit/response_errors.csv:225: trailing whitespace.
+1.115,2.1143891151736832e-16,2.217628211194656e-16,1.160020791271008
unity_theory_website_handoff_r4/source/history/v0.2-audit/response_errors.csv:226: trailing whitespace.
+1.12,1.5046655359472356e-16,2.4056597318607595e-16,1.2216141755982972
unity_theory_website_handoff_r4/source/history/v0.2-audit/response_errors.csv:227: trailing whitespace.
+1.125,1.5156820421414374e-16,7.369063955711854e-16,1.2882158650507334
unity_theory_website_handoff_r4/source/history/v0.2-audit/response_errors.csv:228: trailing whitespace.
+1.1300000000000001,1.739714545005846e-16,1.443667278416522e-16,1.3596852998693252
unity_theory_website_handoff_r4/source/history/v0.2-audit/response_errors.csv:229: trailing whitespace.
+1.135,3.3269272951765908e-16,4.12208489773874e-16,1.4356778788494475
unity_theory_website_handoff_r4/source/history/v0.2-audit/response_errors.csv:230: trailing whitespace.
+1.1400000000000001,2.765826387851127e-16,1.7982668738765352e-16,1.5155488133336277
unity_theory_website_handoff_r4/source/history/v0.2-audit/response_errors.csv:231: trailing whitespace.
+1.145,2.5099136308210935e-16,8.78357551324892e-16,1.598237181211032
unity_theory_website_handoff_r4/source/history/v0.2-audit/response_errors.csv:232: trailing whitespace.
+1.1500000000000001,4.4830188663244045e-17,1.0101802610259084e-15,1.6821410317490595
unity_theory_website_handoff_r4/source/history/v0.2-audit/response_errors.csv:233: trailing whitespace.
+1.155,2.2894964696213143e-16,3.8823495099957625e-16,1.7650090030893257
unity_theory_website_handoff_r4/source/history/v0.2-audit/response_errors.csv:234: trailing whitespace.
+1.16,9.146559575203016e-17,2.3654202896132506e-16,1.8438932638474463
unity_theory_website_handoff_r4/source/history/v0.2-audit/response_errors.csv:235: trailing whitespace.
+1.165,1.9412569030122824e-16,4.303844331093598e-16,1.9152256843702922
unity_theory_website_handoff_r4/source/history/v0.2-audit/response_errors.csv:236: trailing whitespace.
+1.17,9.470718830034245e-17,4.3621167364573723e-16,1.9750784590859378
unity_theory_website_handoff_r4/source/history/v0.2-audit/response_errors.csv:237: trailing whitespace.
+1.175,3.672782010730318e-16,4.557028889765312e-16,2.019631917963341
unity_theory_website_handoff_r4/source/history/v0.2-audit/response_errors.csv:238: trailing whitespace.
+1.18,2.4535294235414494e-16,3.948941767078491e-16,2.045788507449302
unity_theory_website_handoff_r4/source/history/v0.2-audit/response_errors.csv:239: trailing whitespace.
+1.185,6.969868458984932e-17,5.712410486081728e-16,2.0517719077072796
unity_theory_website_handoff_r4/source/history/v0.2-audit/response_errors.csv:240: trailing whitespace.
+1.19,2.352660633915036e-16,4.342065256712482e-16,2.037501332094479
unity_theory_website_handoff_r4/source/history/v0.2-audit/response_errors.csv:241: trailing whitespace.
+1.195,3.2533994318012973e-16,5.891429408275639e-16,2.0045914965868254
unity_theory_website_handoff_r4/source/history/v0.2-audit/response_errors.csv:242: trailing whitespace.
+1.2,1.2244602349762148e-16,2.332682480260788e-16,1.955981507583461
unity_theory_website_handoff_r4/source/history/v0.2-audit/response_errors.csv:243: trailing whitespace.
+1.205,1.180291151647515e-16,4.265961077090928e-16,1.895345358682292
unity_theory_website_handoff_r4/source/history/v0.2-audit/response_errors.csv:244: trailing whitespace.
+1.21,1.2158417912816516e-16,3.967808090757791e-16,1.8264908752195954
unity_theory_website_handoff_r4/source/history/v0.2-audit/response_errors.csv:245: trailing whitespace.
+1.215,1.7182419154801884e-16,3.8132747689889276e-16,1.7529019973047426
unity_theory_website_handoff_r4/source/history/v0.2-audit/response_errors.csv:246: trailing whitespace.
+1.22,1.2834911308884605e-16,8.741711641202826e-16,1.677481258767527
unity_theory_website_handoff_r4/source/history/v0.2-audit/response_errors.csv:247: trailing whitespace.
+1.225,1.2509597053823194e-16,1.0961497000275623e-15,1.6024695476467161
unity_theory_website_handoff_r4/source/history/v0.2-audit/response_errors.csv:248: trailing whitespace.
+1.23,1.5318712581666202e-16,5.239556101155929e-16,1.5294844704777404
unity_theory_website_handoff_r4/source/history/v0.2-audit/response_errors.csv:249: trailing whitespace.
+1.235,2.4735768200343554e-16,7.393830928839283e-16,1.459618495034985
unity_theory_website_handoff_r4/source/history/v0.2-audit/response_errors.csv:250: trailing whitespace.
+1.24,4.265573199559917e-16,7.452644229602332e-16,1.3935543058526327
unity_theory_website_handoff_r4/source/history/v0.2-audit/response_errors.csv:251: trailing whitespace.
+1.245,3.3775116446260325e-16,6.868024907050014e-16,1.3316730118134237
unity_theory_website_handoff_r4/source/history/v0.2-audit/response_errors.csv:252: trailing whitespace.
+1.25,3.4646657514046084e-16,7.490361838230472e-16,1.2741445883804439
unity_theory_website_handoff_r4/source/history/v0.2-audit/response_errors.csv:253: trailing whitespace.
+1.2550000000000001,1.051034337215471e-16,3.8600793307883617e-16,1.2209982316821073
unity_theory_website_handoff_r4/source/history/v0.2-audit/response_errors.csv:254: trailing whitespace.
+1.26,8.721986730604028e-17,3.2258064883121435e-16,1.1721743984835118
unity_theory_website_handoff_r4/source/history/v0.2-audit/response_errors.csv:255: trailing whitespace.
+1.2650000000000001,1.2774511461640085e-16,2.47045980847187e-16,1.1275618077850327
unity_theory_website_handoff_r4/source/history/v0.2-audit/response_errors.csv:256: trailing whitespace.
+1.27,2.9481953920007434e-16,3.7620644001947333e-16,1.0870228257062593
unity_theory_website_handoff_r4/source/history/v0.2-audit/response_errors.csv:257: trailing whitespace.
+1.2750000000000001,1.0670787003146791e-16,2.4043607297180556e-16,1.050410218555496
unity_theory_website_handoff_r4/source/history/v0.2-audit/response_errors.csv:258: trailing whitespace.
+1.28,3.449610070474393e-16,4.952365460426214e-16,1.0175776556300227
unity_theory_website_handoff_r4/source/history/v0.2-audit/response_errors.csv:259: trailing whitespace.
+1.285,1.2867482248420629e-16,3.628700592725285e-16,0.9883857668520296
unity_theory_website_handoff_r4/source/history/v0.2-audit/response_errors.csv:260: trailing whitespace.
+1.29,2.65281257245384e-16,6.152210813977238e-16,0.9627050827106372
unity_theory_website_handoff_r4/source/history/v0.2-audit/response_errors.csv:261: trailing whitespace.
+1.295,1.6043472909328812e-16,5.986021239994098e-16,0.9404168177957762
unity_theory_website_handoff_r4/source/history/v0.2-audit/response_errors.csv:262: trailing whitespace.
+1.3,1.5552572632795976e-16,2.1762346804243357e-16,0.9214121920324482
unity_theory_website_handoff_r4/source/history/v0.2-audit/response_errors.csv:263: trailing whitespace.
+1.305,1.6667378200510162e-16,5.834721145876838e-16,0.9055907949810399
unity_theory_website_handoff_r4/source/history/v0.2-audit/response_errors.csv:264: trailing whitespace.
+1.31,3.7116770277371106e-16,4.2750318099448023e-16,0.8928583671866166
unity_theory_website_handoff_r4/source/history/v0.2-audit/response_errors.csv:265: trailing whitespace.
+1.315,1.521659785017502e-16,1.2678111488846735e-16,0.8831242800380558
unity_theory_website_handoff_r4/source/history/v0.2-audit/response_errors.csv:266: trailing whitespace.
+1.32,1.2719474804453699e-16,4.759308414061819e-16,0.8762989271152651
unity_theory_website_handoff_r4/source/history/v0.2-audit/response_errors.csv:267: trailing whitespace.
+1.325,1.1052995986017489e-16,2.6295186489516726e-16,0.8722911847663986
unity_theory_website_handoff_r4/source/history/v0.2-audit/response_errors.csv:268: trailing whitespace.
+1.33,3.490714727954176e-16,1.9866986913997078e-16,0.8710060509264836
unity_theory_website_handoff_r4/source/history/v0.2-audit/response_errors.csv:269: trailing whitespace.
+1.335,1.0107151226267839e-16,3.0177943116082213e-16,0.8723425260185885
unity_theory_website_handoff_r4/source/history/v0.2-audit/response_errors.csv:270: trailing whitespace.
+1.34,1.949318030935487e-16,2.69558309845994e-16,0.876191758395217
unity_theory_website_handoff_r4/source/history/v0.2-audit/response_errors.csv:271: trailing whitespace.
+1.345,1.5844875060342305e-16,1.847383322323271e-16,0.8824354415828999
unity_theory_website_handoff_r4/source/history/v0.2-audit/response_errors.csv:272: trailing whitespace.
+1.35,2.3524901692414796e-16,1.563206069398352e-16,0.8909444249239051
unity_theory_website_handoff_r4/source/history/v0.2-audit/response_errors.csv:273: trailing whitespace.
+1.355,2.3022140575901e-16,3.3862915485189087e-16,0.9015774861111496
unity_theory_website_handoff_r4/source/history/v0.2-audit/response_errors.csv:274: trailing whitespace.
+1.36,2.596359166766256e-16,2.443190744130335e-16,0.9141802153976797
unity_theory_website_handoff_r4/source/history/v0.2-audit/response_errors.csv:275: trailing whitespace.
+1.365,1.4746700317331734e-16,3.534407393719353e-16,0.9285839770209192
unity_theory_website_handoff_r4/source/history/v0.2-audit/response_errors.csv:276: trailing whitespace.
+1.37,1.2632861407461456e-16,1.5304097787982384e-16,0.9446049419534162
unity_theory_website_handoff_r4/source/history/v0.2-audit/response_errors.csv:277: trailing whitespace.
+1.375,2.2087449570689038e-16,1.9037650147762e-16,0.9620432243438732
unity_theory_website_handoff_r4/source/history/v0.2-audit/response_errors.csv:278: trailing whitespace.
+1.3800000000000001,9.979476887087955e-17,2.8213847605259724e-16,0.9806821977216357
unity_theory_website_handoff_r4/source/history/v0.2-audit/response_errors.csv:279: trailing whitespace.
+1.385,1.9977852307668632e-16,3.336170810806612e-16,1.0002881111935524
unity_theory_website_handoff_r4/source/history/v0.2-audit/response_errors.csv:280: trailing whitespace.
+1.3900000000000001,2.8148680455752954e-16,1.898053975195544e-16,1.020610164828741
unity_theory_website_handoff_r4/source/history/v0.2-audit/response_errors.csv:281: trailing whitespace.
+1.395,1.185347676102594e-16,2.736235762914251e-16,1.0413812310302426
unity_theory_website_handoff_r4/source/history/v0.2-audit/response_errors.csv:282: trailing whitespace.
+1.4000000000000001,1.6521954980382928e-16,1.4196485801077425e-16,1.062319418400686
unity_theory_website_handoff_r4/source/history/v0.2-audit/response_errors.csv:283: trailing whitespace.
+1.405,3.3545605348545476e-16,3.1500342175557624e-16,1.0831306600129615
unity_theory_website_handoff_r4/source/history/v0.2-audit/response_errors.csv:284: trailing whitespace.
+1.41,2.5130051158185694e-16,3.4499712737521834e-16,1.1035124637623763
unity_theory_website_handoff_r4/source/history/v0.2-audit/response_errors.csv:285: trailing whitespace.
+1.415,1.6352286201048695e-16,4.965861755334965e-16,1.1231588857945871
unity_theory_website_handoff_r4/source/history/v0.2-audit/response_errors.csv:286: trailing whitespace.
+1.42,3.0927989253489673e-16,4.845548979532649e-16,1.1417666803506705
unity_theory_website_handoff_r4/source/history/v0.2-audit/response_errors.csv:287: trailing whitespace.
+1.425,2.8783336693001227e-16,3.6604264931497e-16,1.1590424481262087
unity_theory_website_handoff_r4/source/history/v0.2-audit/response_errors.csv:288: trailing whitespace.
+1.43,2.9850832216417767e-16,4.3227475582081234e-16,1.1747104644884356
unity_theory_website_handoff_r4/source/history/v0.2-audit/response_errors.csv:289: trailing whitespace.
+1.435,4.63943475145651e-16,2.8372025356261675e-16,1.1885207386921313
unity_theory_website_handoff_r4/source/history/v0.2-audit/response_errors.csv:290: trailing whitespace.
+1.44,3.370917733736137e-16,1.5654786032470446e-16,1.2002567588932342
unity_theory_website_handoff_r4/source/history/v0.2-audit/response_errors.csv:291: trailing whitespace.
+1.445,2.2480695620305617e-16,2.27704273525589e-16,1.2097423372628615
unity_theory_website_handoff_r4/source/history/v0.2-audit/response_errors.csv:292: trailing whitespace.
+1.45,2.5711162512422903e-16,2.833225028604412e-16,1.2168469999777678
unity_theory_website_handoff_r4/source/history/v0.2-audit/response_errors.csv:293: trailing whitespace.
+1.455,2.5302943219708066e-16,1.7053174248391536e-16,1.2214894716830873
unity_theory_website_handoff_r4/source/history/v0.2-audit/response_errors.csv:294: trailing whitespace.
+1.46,3.127034754497525e-16,2.1352650130206776e-16,1.2236389723462877
unity_theory_website_handoff_r4/source/history/v0.2-audit/response_errors.csv:295: trailing whitespace.
+1.465,2.7143228023404437e-16,3.3441814593537984e-16,1.2233142523518834
unity_theory_website_handoff_r4/source/history/v0.2-audit/response_errors.csv:296: trailing whitespace.
+1.47,2.362573793120604e-16,2.2471448993785377e-16,1.22058050712388
unity_theory_website_handoff_r4/source/history/v0.2-audit/response_errors.csv:297: trailing whitespace.
+1.475,2.5711465225370555e-16,2.145347733604513e-16,1.2155445024205078
unity_theory_website_handoff_r4/source/history/v0.2-audit/response_errors.csv:298: trailing whitespace.
+1.48,2.883263221971448e-16,3.82931056730828e-16,1.208348379025845
unity_theory_website_handoff_r4/source/history/v0.2-audit/response_errors.csv:299: trailing whitespace.
+1.485,3.039824490734344e-16,5.165996099480577e-16,1.19916267585272
unity_theory_website_handoff_r4/source/history/v0.2-audit/response_errors.csv:300: trailing whitespace.
+1.49,3.0027311395286695e-16,2.438535535387163e-16,1.1881791119775578
unity_theory_website_handoff_r4/source/history/v0.2-audit/response_errors.csv:301: trailing whitespace.
+1.495,3.035806828995304e-16,3.49640841605646e-16,1.1756036111684565
unity_theory_website_handoff_r4/source/history/v0.2-audit/response_errors.csv:302: trailing whitespace.
+1.5,3.7843766314846927e-16,5.071987575872424e-16,1.1616499549839323
unity_theory_website_handoff_r4/source/history/v0.2-audit/response_errors.csv:303: trailing whitespace.
+1.5050000000000001,2.1093562370764143e-16,5.16212507719813e-16,1.1465343330290418
unity_theory_website_handoff_r4/source/history/v0.2-audit/response_errors.csv:304: trailing whitespace.
+1.51,3.6320197686801863e-16,3.4556503713039995e-16,1.1304709401456061
unity_theory_website_handoff_r4/source/history/v0.2-audit/response_errors.csv:305: trailing whitespace.
+1.5150000000000001,3.2446120831313197e-16,3.2190548492140886e-16,1.1136686641898559
unity_theory_website_handoff_r4/source/history/v0.2-audit/response_errors.csv:306: trailing whitespace.
+1.52,3.798837667773378e-16,6.209111783114396e-16,1.096328822860235
unity_theory_website_handoff_r4/source/history/v0.2-audit/response_errors.csv:307: trailing whitespace.
+1.5250000000000001,3.8163951081748173e-16,1.8126487000696554e-16,1.0786438466409718
unity_theory_website_handoff_r4/source/history/v0.2-audit/response_errors.csv:308: trailing whitespace.
+1.53,2.4331622063142425e-16,4.763677684676276e-16,1.0607967660519082
unity_theory_website_handoff_r4/source/history/v0.2-audit/response_errors.csv:309: trailing whitespace.
+1.5350000000000001,3.1620382409107115e-16,1.881637960852316e-16,1.0429613411984249
unity_theory_website_handoff_r4/source/history/v0.2-audit/response_errors.csv:310: trailing whitespace.
+1.54,2.700862791082071e-16,3.0079667217554347e-16,1.0253026651321977
unity_theory_website_handoff_r4/source/history/v0.2-audit/response_errors.csv:311: trailing whitespace.
+1.545,3.8414514691562543e-16,2.384270710565477e-16,1.0079780747996034
unity_theory_website_handoff_r4/source/history/v0.2-audit/response_errors.csv:312: trailing whitespace.
+1.55,1.3816589108948003e-16,7.102159022866881e-16,0.9911382101493735
unity_theory_website_handoff_r4/source/history/v0.2-audit/response_errors.csv:313: trailing whitespace.
+1.555,4.2496415705610047e-16,2.481965969457256e-16,0.9749280702343911
unity_theory_website_handoff_r4/source/history/v0.2-audit/response_errors.csv:314: trailing whitespace.
+1.56,3.7571481265912805e-16,3.1648781765209454e-16,0.959487923159709
unity_theory_website_handoff_r4/source/history/v0.2-audit/response_errors.csv:315: trailing whitespace.
+1.565,6.004006392354881e-16,5.968135679765381e-16,0.9449539341731307
unity_theory_website_handoff_r4/source/history/v0.2-audit/response_errors.csv:316: trailing whitespace.
+1.57,3.0838929418715733e-16,3.6121318345295243e-16,0.9314583840797522
unity_theory_website_handoff_r4/source/history/v0.2-audit/response_errors.csv:317: trailing whitespace.
+1.575,4.2338834827077145e-16,3.38629151036166e-16,0.9191293607122833
unity_theory_website_handoff_r4/source/history/v0.2-audit/response_errors.csv:318: trailing whitespace.
+1.58,3.522955609522859e-16,3.481844740278962e-16,0.9080898225843552
unity_theory_website_handoff_r4/source/history/v0.2-audit/response_errors.csv:319: trailing whitespace.
+1.585,3.5116376941263185e-16,4.526713455700052e-16,0.8984559597769513
unity_theory_website_handoff_r4/source/history/v0.2-audit/response_errors.csv:320: trailing whitespace.
+1.59,3.810799572106435e-16,1.0996122110669106e-16,0.8903348160212877
unity_theory_website_handoff_r4/source/history/v0.2-audit/response_errors.csv:321: trailing whitespace.
+1.595,2.0285674668805587e-16,2.829813536850164e-16,0.8838211900830237
unity_theory_website_handoff_r4/source/history/v0.2-audit/response_errors.csv:322: trailing whitespace.
+1.6,4.2156967516104046e-16,3.214674426324428e-16,0.8789939037512324
unity_theory_website_handoff_r4/source/history/v0.2-audit/response_errors.csv:323: trailing whitespace.
+1.605,2.700936046627214e-16,2.773064779602193e-16,0.8759116043208176
unity_theory_website_handoff_r4/source/history/v0.2-audit/response_errors.csv:324: trailing whitespace.
+1.61,1.914902161547762e-16,5.52287047384018e-16,0.8746083536862028
unity_theory_website_handoff_r4/source/history/v0.2-audit/response_errors.csv:325: trailing whitespace.
+1.615,3.359166219330267e-16,2.2310171094856767e-16,0.8750893326206775
unity_theory_website_handoff_r4/source/history/v0.2-audit/response_errors.csv:326: trailing whitespace.
+1.62,2.900974918914106e-16,1.7722333237323736e-16,0.8773270440427454
unity_theory_website_handoff_r4/source/history/v0.2-audit/response_errors.csv:327: trailing whitespace.
+1.625,2.5806719738682497e-16,3.923740687762811e-16,0.8812584202763566
unity_theory_website_handoff_r4/source/history/v0.2-audit/response_errors.csv:328: trailing whitespace.
+1.6300000000000001,6.425894832743901e-16,2.5612826976778577e-16,0.8867832174638601
unity_theory_website_handoff_r4/source/history/v0.2-audit/response_errors.csv:329: trailing whitespace.
+1.635,2.801664395729301e-16,3.1605518488481283e-16,0.8937640125844521
unity_theory_website_handoff_r4/source/history/v0.2-audit/response_errors.csv:330: trailing whitespace.
+1.6400000000000001,1.9002144782496483e-16,4.1898987601526695e-16,0.9020280093355968
unity_theory_website_handoff_r4/source/history/v0.2-audit/response_errors.csv:331: trailing whitespace.
+1.645,1.7791996259970267e-16,2.669845743325862e-16,0.9113707191238598
unity_theory_website_handoff_r4/source/history/v0.2-audit/response_errors.csv:332: trailing whitespace.
+1.6500000000000001,2.935696166566426e-16,2.656398700592225e-16,0.9215614273750504
unity_theory_website_handoff_r4/source/history/v0.2-audit/response_errors.csv:333: trailing whitespace.
+1.655,3.1019498498735925e-16,3.2505699529817557e-16,0.9323501996989253
unity_theory_website_handoff_r4/source/history/v0.2-audit/response_errors.csv:334: trailing whitespace.
+1.6600000000000001,3.4960931008593244e-16,3.8014726961929565e-16,0.9434760431388186
unity_theory_website_handoff_r4/source/history/v0.2-audit/response_errors.csv:335: trailing whitespace.
+1.665,2.5163080191111816e-16,1.309822900997608e-16,0.9546757292495034
unity_theory_website_handoff_r4/source/history/v0.2-audit/response_errors.csv:336: trailing whitespace.
+1.67,2.6002408269355717e-16,4.687882925536962e-16,0.9656927201763521
unity_theory_website_handoff_r4/source/history/v0.2-audit/response_errors.csv:337: trailing whitespace.
+1.675,2.9574404116455873e-16,3.927767199575626e-16,0.9762856249715206
unity_theory_website_handoff_r4/source/history/v0.2-audit/response_errors.csv:338: trailing whitespace.
+1.68,4.41150274928335e-16,1.974286661252544e-16,0.9862356548603124
unity_theory_website_handoff_r4/source/history/v0.2-audit/response_errors.csv:339: trailing whitespace.
+1.685,2.0918939289035077e-16,3.807465666880025e-16,0.9953526402398685
unity_theory_website_handoff_r4/source/history/v0.2-audit/response_errors.csv:340: trailing whitespace.
+1.69,2.765096488223864e-16,4.061373519791744e-16,1.0034793085343132
unity_theory_website_handoff_r4/source/history/v0.2-audit/response_errors.csv:341: trailing whitespace.
+1.695,3.581873305539085e-16,2.0584185030479798e-16,1.0104936835826934
unity_theory_website_handoff_r4/source/history/v0.2-audit/response_errors.csv:342: trailing whitespace.
+1.7,3.738006334092875e-16,2.4347507562377097e-16,1.016309632846879
unity_theory_website_handoff_r4/source/history/v0.2-audit/response_errors.csv:343: trailing whitespace.
+1.705,2.3601341909325945e-16,2.5952350452109905e-16,1.0208757371480108
unity_theory_website_handoff_r4/source/history/v0.2-audit/response_errors.csv:344: trailing whitespace.
+1.71,2.794580128031935e-16,4.021097473793885e-16,1.0241727716750142
unity_theory_website_handoff_r4/source/history/v0.2-audit/response_errors.csv:345: trailing whitespace.
+1.715,1.7711577373482636e-16,3.4532633208727315e-16,1.02621015654966
unity_theory_website_handoff_r4/source/history/v0.2-audit/response_errors.csv:346: trailing whitespace.
+1.72,4.3494842748071017e-16,5.647406799904907e-16,1.0270217583778714
unity_theory_website_handoff_r4/source/history/v0.2-audit/response_errors.csv:347: trailing whitespace.
+1.725,2.3759122212456823e-16,3.8428167253121937e-16,1.026661406377885
unity_theory_website_handoff_r4/source/history/v0.2-audit/response_errors.csv:348: trailing whitespace.
+1.73,2.0830991339052813e-16,2.2646004049004067e-16,1.0251984382389898
unity_theory_website_handoff_r4/source/history/v0.2-audit/response_errors.csv:349: trailing whitespace.
+1.735,2.173772834047301e-16,2.234285963129667e-16,1.0227135242945669
unity_theory_website_handoff_r4/source/history/v0.2-audit/response_errors.csv:350: trailing whitespace.
+1.74,2.408727263973599e-16,3.170213417408193e-16,1.019294945815384
unity_theory_website_handoff_r4/source/history/v0.2-audit/response_errors.csv:351: trailing whitespace.
+1.745,2.7097706676062454e-16,2.1388090359918577e-16,1.015035433824744
unity_theory_website_handoff_r4/source/history/v0.2-audit/response_errors.csv:352: trailing whitespace.
+1.75,3.360830120793349e-16,4.334648210117753e-16,1.0100296152107142
unity_theory_website_handoff_r4/source/history/v0.2-audit/response_errors.csv:353: trailing whitespace.
+1.7550000000000001,3.0545409481302327e-16,3.531704520710967e-16,1.0043720662912639
unity_theory_website_handoff_r4/source/history/v0.2-audit/response_errors.csv:354: trailing whitespace.
+1.76,2.5050175573606733e-16,2.477702408827942e-16,0.998155940973929
unity_theory_website_handoff_r4/source/history/v0.2-audit/response_errors.csv:355: trailing whitespace.
+1.7650000000000001,1.6277312384383864e-16,2.1788962223191082e-16,0.9914721199890636
unity_theory_website_handoff_r4/source/history/v0.2-audit/response_errors.csv:356: trailing whitespace.
+1.77,2.700084275591233e-16,1.98542859881599e-16,0.9844088170328322
unity_theory_website_handoff_r4/source/history/v0.2-audit/response_errors.csv:357: trailing whitespace.
+1.7750000000000001,1.1840681112201254e-16,2.327587129505492e-16,0.9770515742459057
unity_theory_website_handoff_r4/source/history/v0.2-audit/response_errors.csv:358: trailing whitespace.
+1.78,3.201264877749187e-16,1.246531821035452e-16,0.969483580455158
unity_theory_website_handoff_r4/source/history/v0.2-audit/response_errors.csv:359: trailing whitespace.
+1.7850000000000001,2.7380418164693717e-16,3.133964817613479e-16,0.961786248388994
unity_theory_website_handoff_r4/source/history/v0.2-audit/response_errors.csv:360: trailing whitespace.
+1.79,1.4228024863036668e-16,9.368692834975626e-17,0.9540399892805028
unity_theory_website_handoff_r4/source/history/v0.2-audit/response_errors.csv:361: trailing whitespace.
+1.795,5.393759452377973e-16,3.7898790916745814e-16,0.9463251227856664
unity_theory_website_handoff_r4/source/history/v0.2-audit/response_errors.csv:362: trailing whitespace.
+1.8,2.8139201669407446e-16,2.2435175018393497e-16,0.9387228550630641
unity_theory_website_handoff_r4/source/history/v0.2-audit/response_errors.csv:363: trailing whitespace.
+1.805,0.0,2.753740452609417e-16,0.9313162464863209
unity_theory_website_handoff_r4/source/history/v0.2-audit/response_errors.csv:364: trailing whitespace.
+1.81,3.556146533529343e-16,2.2158074416359963e-16,0.9241910714076209
unity_theory_website_handoff_r4/source/history/v0.2-audit/response_errors.csv:365: trailing whitespace.
+1.815,2.31601149354513e-16,2.633028269727677e-16,0.9174364449177539
unity_theory_website_handoff_r4/source/history/v0.2-audit/response_errors.csv:366: trailing whitespace.
+1.82,2.0712962101739992e-16,3.3624165207580727e-16,0.9111450561945023
unity_theory_website_handoff_r4/source/history/v0.2-audit/response_errors.csv:367: trailing whitespace.
+1.825,1.734494965507914e-16,2.259492607393328e-16,0.9054128076647658
unity_theory_website_handoff_r4/source/history/v0.2-audit/response_errors.csv:368: trailing whitespace.
+1.83,1.6918320117846029e-16,3.0209111509036884e-16,0.9003376204951699
unity_theory_website_handoff_r4/source/history/v0.2-audit/response_errors.csv:369: trailing whitespace.
+1.835,1.3092425367137442e-16,2.1561259540388233e-16,0.8960171420443419
unity_theory_website_handoff_r4/source/history/v0.2-audit/response_errors.csv:370: trailing whitespace.
+1.84,2.325268098345053e-16,5.442921687939978e-16,0.8925450988811082
unity_theory_website_handoff_r4/source/history/v0.2-audit/response_errors.csv:371: trailing whitespace.
+1.845,2.8160672181830284e-16,4.125805632592326e-16,0.8900061054520737
unity_theory_website_handoff_r4/source/history/v0.2-audit/response_errors.csv:372: trailing whitespace.
+1.85,1.4785336588200449e-16,3.5095681385104876e-16,0.8884688920999987
unity_theory_website_handoff_r4/source/history/v0.2-audit/response_errors.csv:373: trailing whitespace.
+1.855,2.24825762153992e-16,2.935797898215992e-16,0.8879781792941069
unity_theory_website_handoff_r4/source/history/v0.2-audit/response_errors.csv:374: trailing whitespace.
+1.86,2.7399252508019376e-16,1.854750316594259e-16,0.8885457980566515
unity_theory_website_handoff_r4/source/history/v0.2-audit/response_errors.csv:375: trailing whitespace.
+1.865,2.9559687915440716e-16,4.139633566617291e-16,0.8901420982505811
unity_theory_website_handoff_r4/source/history/v0.2-audit/response_errors.csv:376: trailing whitespace.
+1.87,3.4744927420449466e-16,2.8675865664881375e-16,0.8926890978583636
unity_theory_website_handoff_r4/source/history/v0.2-audit/response_errors.csv:377: trailing whitespace.
+1.875,2.990564912190081e-16,4.1693421072131285e-16,0.896057054702747
unity_theory_website_handoff_r4/source/history/v0.2-audit/response_errors.csv:378: trailing whitespace.
+1.8800000000000001,8.73448927527973e-17,3.6592382373568295e-16,0.9000660168941391
unity_theory_website_handoff_r4/source/history/v0.2-audit/response_errors.csv:379: trailing whitespace.
+1.885,1.765381423760642e-16,3.405582232556566e-16,0.9044933147290994
unity_theory_website_handoff_r4/source/history/v0.2-audit/response_errors.csv:380: trailing whitespace.
+1.8900000000000001,1.4266853091713866e-16,2.1350260142608768e-16,0.9090869212023355
unity_theory_website_handoff_r4/source/history/v0.2-audit/response_errors.csv:381: trailing whitespace.
+1.895,2.3333548038192803e-16,4.030417231765577e-16,0.9135833480109109
unity_theory_website_handoff_r4/source/history/v0.2-audit/response_errors.csv:382: trailing whitespace.
+1.9000000000000001,3.267192483012235e-16,5.059283521559794e-16,0.9177276292975989
unity_theory_website_handoff_r4/source/history/v0.2-audit/response_errors.csv:383: trailing whitespace.
+1.905,2.6499999846394835e-16,2.8136564166909544e-16,0.92129236392543
unity_theory_website_handoff_r4/source/history/v0.2-audit/response_errors.csv:384: trailing whitespace.
+1.9100000000000001,2.490266638994035e-16,3.108249248821863e-16,0.9240929660954188
unity_theory_website_handoff_r4/source/history/v0.2-audit/response_errors.csv:385: trailing whitespace.
+1.915,2.0511940893245364e-16,1.9344550007742568e-16,0.9259971631033288
unity_theory_website_handoff_r4/source/history/v0.2-audit/response_errors.csv:386: trailing whitespace.
+1.92,1.4447338615485427e-16,2.9741721266156534e-16,0.9269280686415122
unity_theory_website_handoff_r4/source/history/v0.2-audit/response_errors.csv:387: trailing whitespace.
+1.925,2.238610272159047e-16,4.927999548135242e-16,0.9268614290553318
unity_theory_website_handoff_r4/source/history/v0.2-audit/response_errors.csv:388: trailing whitespace.
+1.93,2.7168771476412063e-16,3.2576779502980624e-16,0.925818540285588
unity_theory_website_handoff_r4/source/history/v0.2-audit/response_errors.csv:389: trailing whitespace.
+1.935,2.936461634431865e-16,2.263524324685223e-16,0.9238567098006817
unity_theory_website_handoff_r4/source/history/v0.2-audit/response_errors.csv:390: trailing whitespace.
+1.94,1.1975899786242578e-16,2.4372013892285626e-16,0.9210590367330675
unity_theory_website_handoff_r4/source/history/v0.2-audit/response_errors.csv:391: trailing whitespace.
+1.945,1.23685221302447e-16,4.152631096003555e-16,0.9175248751166798
unity_theory_website_handoff_r4/source/history/v0.2-audit/response_errors.csv:392: trailing whitespace.
+1.95,2.9054654411807933e-16,4.256824877062746e-16,0.9133618252592461
unity_theory_website_handoff_r4/source/history/v0.2-audit/response_errors.csv:393: trailing whitespace.
+1.955,8.655786073717119e-17,1.2372128819352345e-16,0.9086796171706256
unity_theory_website_handoff_r4/source/history/v0.2-audit/response_errors.csv:394: trailing whitespace.
+1.96,1.9635566750307714e-16,2.520971749142176e-16,0.9035858869612963
unity_theory_website_handoff_r4/source/history/v0.2-audit/response_errors.csv:395: trailing whitespace.
+1.965,2.2651978430160455e-16,5.804029349423955e-16,0.8981836195675214
unity_theory_website_handoff_r4/source/history/v0.2-audit/response_errors.csv:396: trailing whitespace.
+1.97,1.8708332592827463e-16,3.265079994289015e-16,0.8925699180945905
unity_theory_website_handoff_r4/source/history/v0.2-audit/response_errors.csv:397: trailing whitespace.
+1.975,1.5884901070563373e-16,1.7728740708233635e-16,0.8868357254036416
unity_theory_website_handoff_r4/source/history/v0.2-audit/response_errors.csv:398: trailing whitespace.
+1.98,1.650642410678966e-16,4.1815678103633107e-16,0.8810661318352312
unity_theory_website_handoff_r4/source/history/v0.2-audit/response_errors.csv:399: trailing whitespace.
+1.985,1.990716315668811e-16,2.766087389804894e-16,0.8753409273224847
unity_theory_website_handoff_r4/source/history/v0.2-audit/response_errors.csv:400: trailing whitespace.
+1.99,1.0906797809485268e-16,2.844423007540019e-16,0.8697350811707665
unity_theory_website_handoff_r4/source/history/v0.2-audit/response_errors.csv:401: trailing whitespace.
+1.995,1.4226940314742184e-16,2.0247549810198995e-16,0.8643188548489612
unity_theory_website_handoff_r4/source/history/v0.2-audit/response_errors.csv:402: trailing whitespace.
+2.0,9.664794269013612e-17,3.7774407263374915e-16,0.8591572801447807
unity_theory_website_handoff_r4/source/history/v0.2-audit/response_errors.csv:403: trailing whitespace.
+2.005,1.9265566462570076e-16,2.1594440042167168e-16,0.8543087855102219
unity_theory_website_handoff_r4/source/history/v0.2-audit/response_errors.csv:404: trailing whitespace.
+2.0100000000000002,1.9656396881403513e-16,1.7024210020725942e-16,0.8498228534217676
unity_theory_website_handoff_r4/source/history/v0.2-audit/response_errors.csv:405: trailing whitespace.
+2.015,6.655567166036264e-17,3.38811518405043e-16,0.8457367664645731
unity_theory_website_handoff_r4/source/history/v0.2-audit/response_errors.csv:406: trailing whitespace.
+2.02,2.400068773299688e-16,1.6993238630329635e-16,0.842071758439619
unity_theory_website_handoff_r4/source/history/v0.2-audit/response_errors.csv:407: trailing whitespace.
+2.025,2.400615445582495e-16,2.4702481430384207e-16,0.8388291994882265
unity_theory_website_handoff_r4/source/history/v0.2-audit/response_errors.csv:408: trailing whitespace.
+2.0300000000000002,2.1780559815067997e-16,1.587566520389864e-16,0.8359877253611733
unity_theory_website_handoff_r4/source/history/v0.2-audit/response_errors.csv:409: trailing whitespace.
+2.035,7.88512686879946e-17,2.9261711651287497e-16,0.8335023350612776
unity_theory_website_handoff_r4/source/history/v0.2-audit/response_errors.csv:410: trailing whitespace.
+2.04,1.4603847817732458e-16,1.991624583265911e-16,0.8313062918113843
unity_theory_website_handoff_r4/source/history/v0.2-audit/response_errors.csv:411: trailing whitespace.
+2.045,1.1005937492207353e-16,2.719300840782379e-16,0.8293161189650972
unity_theory_website_handoff_r4/source/history/v0.2-audit/response_errors.csv:412: trailing whitespace.
+2.05,2.237135333379809e-16,1.7582788479098228e-16,0.8274391973213877
unity_theory_website_handoff_r4/source/history/v0.2-audit/response_errors.csv:413: trailing whitespace.
+2.055,9.78158094380377e-17,1.6574444570748743e-16,0.8255827151991328
unity_theory_website_handoff_r4/source/history/v0.2-audit/response_errors.csv:414: trailing whitespace.
+2.06,1.2310732978432457e-16,2.5368217576836336e-16,0.8236623112219723
unity_theory_website_handoff_r4/source/history/v0.2-audit/response_errors.csv:415: trailing whitespace.
+2.065,9.941057060980143e-17,1.9491004606297078e-16,0.8216088627372429
unity_theory_website_handoff_r4/source/history/v0.2-audit/response_errors.csv:416: trailing whitespace.
+2.07,6.216591235371428e-17,1.6385642430556073e-16,0.8193724494284598
unity_theory_website_handoff_r4/source/history/v0.2-audit/response_errors.csv:417: trailing whitespace.
+2.075,8.154519293624873e-17,2.068675280020245e-16,0.8169233013456961
unity_theory_website_handoff_r4/source/history/v0.2-audit/response_errors.csv:418: trailing whitespace.
+2.08,1.7518321717605218e-16,2.4257842802666023e-16,0.8142502190470084
unity_theory_website_handoff_r4/source/history/v0.2-audit/response_errors.csv:419: trailing whitespace.
+2.085,3.41762602298033e-17,1.6990784287106043e-16,0.8113573360612174
unity_theory_website_handoff_r4/source/history/v0.2-audit/response_errors.csv:420: trailing whitespace.
+2.09,1.3885330144933743e-17,4.2226145500803353e-16,0.808260151809514
unity_theory_website_handoff_r4/source/history/v0.2-audit/response_errors.csv:421: trailing whitespace.
+2.095,1.7142821298538978e-17,1.3815504707747505e-16,0.8049815905398109
unity_theory_website_handoff_r4/source/history/v0.2-audit/response_errors.csv:422: trailing whitespace.
+2.1,1.136480196315864e-16,3.888266897539862e-16,0.8015485718181996
unity_theory_website_handoff_r4/source/history/v0.2-audit/response_errors.csv:423: trailing whitespace.
+2.105,4.552246637507494e-17,1.7452966444030492e-16,0.7979893176657047
unity_theory_website_handoff_r4/source/history/v0.2-audit/response_errors.csv:424: trailing whitespace.
+2.11,4.167488081776018e-17,1.394591507601998e-16,0.7943314268856811
unity_theory_website_handoff_r4/source/history/v0.2-audit/response_errors.csv:425: trailing whitespace.
+2.115,1.6513371574789933e-16,3.97936675661374e-16,0.7906006308500945
unity_theory_website_handoff_r4/source/history/v0.2-audit/response_errors.csv:426: trailing whitespace.
+2.12,1.6721143280338185e-16,3.6809715089814933e-16,0.7868200939597798
unity_theory_website_handoff_r4/source/history/v0.2-audit/response_errors.csv:427: trailing whitespace.
+2.125,2.1810661622081836e-16,3.1867852733305583e-16,0.7830101146201099
unity_theory_website_handoff_r4/source/history/v0.2-audit/response_errors.csv:428: trailing whitespace.
+2.13,5.795506870303217e-17,1.6311126788406538e-16,0.7791880989587057
unity_theory_website_handoff_r4/source/history/v0.2-audit/response_errors.csv:429: trailing whitespace.
+2.1350000000000002,8.419828280454013e-17,2.524550947064544e-16,0.7753687052918071
unity_theory_website_handoff_r4/source/history/v0.2-audit/response_errors.csv:430: trailing whitespace.
+2.14,1.5100246369798896e-16,1.762485335813365e-16,0.7715640839047788
unity_theory_website_handoff_r4/source/history/v0.2-audit/response_errors.csv:431: trailing whitespace.
+2.145,7.615440673542882e-17,1.6018989504629735e-16,0.7677841598236078
unity_theory_website_handoff_r4/source/history/v0.2-audit/response_errors.csv:432: trailing whitespace.
+2.15,7.4975437783475e-17,2.2678848373980625e-16,0.7640369244840182
unity_theory_website_handoff_r4/source/history/v0.2-audit/response_errors.csv:433: trailing whitespace.
+2.1550000000000002,1.820173899908421e-17,1.935090036617211e-16,0.760328715628869
unity_theory_website_handoff_r4/source/history/v0.2-audit/response_errors.csv:434: trailing whitespace.
+2.16,7.979950086635981e-17,1.6320152637162262e-16,0.7566644741207571
unity_theory_website_handoff_r4/source/history/v0.2-audit/response_errors.csv:435: trailing whitespace.
+2.165,7.480963379042126e-17,1.1737583455708592e-16,0.7530479725592778
unity_theory_website_handoff_r4/source/history/v0.2-audit/response_errors.csv:436: trailing whitespace.
+2.17,7.198042642907782e-17,1.1376484007231445e-16,0.7494820144937552
unity_theory_website_handoff_r4/source/history/v0.2-audit/response_errors.csv:437: trailing whitespace.
+2.1750000000000003,1.7238431799411687e-17,3.8590811357318404e-17,0.7459686053218689
unity_theory_website_handoff_r4/source/history/v0.2-audit/response_errors.csv:438: trailing whitespace.
+2.18,1.6983108363457083e-17,1.9179588774558315e-16,0.7425090971946087
unity_theory_website_handoff_r4/source/history/v0.2-audit/response_errors.csv:439: trailing whitespace.
+2.185,2.45796568838287e-17,7.908014830441759e-17,0.7391043107923206
unity_theory_website_handoff_r4/source/history/v0.2-audit/response_errors.csv:440: trailing whitespace.
+2.19,1.487785373242382e-16,1.8410846544687812e-16,0.7357546369614286
unity_theory_website_handoff_r4/source/history/v0.2-audit/response_errors.csv:441: trailing whitespace.
+2.195,2.3715792794316352e-17,2.4642527179837464e-16,0.7324601210849034
unity_theory_website_handoff_r4/source/history/v0.2-audit/response_errors.csv:442: trailing whitespace.
+2.2,1.463199132910986e-16,1.7065387087411832e-16,0.7292205328171305
unity_theory_website_handoff_r4/source/history/v0.2-audit/response_errors.csv:443: trailing whitespace.
+2.205,1.2787994553874573e-16,1.9236096843793132e-16,0.7260354235176321
unity_theory_website_handoff_r4/source/history/v0.2-audit/response_errors.csv:444: trailing whitespace.
+2.21,2.386101313242653e-17,1.0778149920938548e-17,0.7229041734113266
unity_theory_website_handoff_r4/source/history/v0.2-audit/response_errors.csv:445: trailing whitespace.
+2.215,6.258111866342076e-17,3.5828087067810347e-16,0.7198260302099051
unity_theory_website_handoff_r4/source/history/v0.2-audit/response_errors.csv:446: trailing whitespace.
+2.22,6.381234881797133e-17,9.273334179833049e-17,0.7168001406618607
unity_theory_website_handoff_r4/source/history/v0.2-audit/response_errors.csv:447: trailing whitespace.
+2.225,1.2441479358949014e-16,9.134954625546974e-17,0.7138255762626723
unity_theory_website_handoff_r4/source/history/v0.2-audit/response_errors.csv:448: trailing whitespace.
+2.23,6.07029711515737e-17,2.1310351632790954e-16,0.7109013541523413
unity_theory_website_handoff_r4/source/history/v0.2-audit/response_errors.csv:449: trailing whitespace.
+2.235,1.2096688149463256e-16,2.5938636499859733e-16,0.7080264540532454
unity_theory_website_handoff_r4/source/history/v0.2-audit/response_errors.csv:450: trailing whitespace.
+2.24,6.123099404784616e-17,1.8614803033844486e-16,0.7051998319542279
unity_theory_website_handoff_r4/source/history/v0.2-audit/response_errors.csv:451: trailing whitespace.
+2.245,5.90188710262009e-17,9.409569723690307e-17,0.7024204311237542
unity_theory_website_handoff_r4/source/history/v0.2-audit/response_errors.csv:452: trailing whitespace.
+2.25,1.309916534438271e-16,1.429398122216119e-16,0.6996871909324853
unity_theory_website_handoff_r4/source/history/v0.2-audit/response_errors.csv:453: trailing whitespace.
+2.255,5.951466988983299e-17,1.0718219377385198e-16,0.6969990538807073
unity_theory_website_handoff_r4/source/history/v0.2-audit/response_errors.csv:454: trailing whitespace.
+2.2600000000000002,1.4293281519903392e-17,9.70864218737544e-17,0.6943549711558654
unity_theory_website_handoff_r4/source/history/v0.2-audit/response_errors.csv:455: trailing whitespace.
+2.265,1.1397466268978603e-16,2.5276760422800007e-17,0.69175390698761
unity_theory_website_handoff_r4/source/history/v0.2-audit/response_errors.csv:456: trailing whitespace.
+2.27,1.1204635199972905e-16,1.0246875499545943e-16,0.6891948420201199
unity_theory_website_handoff_r4/source/history/v0.2-audit/response_errors.csv:457: trailing whitespace.
+2.275,1.430614654499208e-17,2.943578163251753e-16,0.6866767758823308
unity_theory_website_handoff_r4/source/history/v0.2-audit/response_errors.csv:458: trailing whitespace.
+2.2800000000000002,1.1077968014717219e-16,1.4376162250567753e-16,0.6841987291044828
unity_theory_website_handoff_r4/source/history/v0.2-audit/response_errors.csv:459: trailing whitespace.
+2.285,1.3616799172841839e-17,1.487598866913134e-16,0.6817597445029768
unity_theory_website_handoff_r4/source/history/v0.2-audit/response_errors.csv:460: trailing whitespace.
+2.29,1.0791869932003159e-16,2.38359609515867e-16,0.6793588881337835
unity_theory_website_handoff_r4/source/history/v0.2-audit/response_errors.csv:461: trailing whitespace.
+2.295,1.3436923565378934e-17,1.0905057084823956e-16,0.6769952498968084
unity_theory_website_handoff_r4/source/history/v0.2-audit/response_errors.csv:462: trailing whitespace.
+2.3000000000000003,1.0598037861223835e-16,1.1025103905943281e-16,0.6746679438589236
unity_theory_website_handoff_r4/source/history/v0.2-audit/response_errors.csv:463: trailing whitespace.
+2.305,7.396617621917808e-19,1.5193405637955583e-16,0.6723761083513154
unity_theory_website_handoff_r4/source/history/v0.2-audit/response_errors.csv:464: trailing whitespace.
+2.31,1.3069127413645614e-17,1.5594809394706132e-16,0.6701189058868562
unity_theory_website_handoff_r4/source/history/v0.2-audit/response_errors.csv:465: trailing whitespace.
+2.315,1.8245621172055563e-17,2.21063064131868e-16,0.6678955229350411
unity_theory_website_handoff_r4/source/history/v0.2-audit/response_errors.csv:466: trailing whitespace.
+2.32,1.8087717099862332e-17,3.5090913708294923e-16,0.6657051695852881
unity_theory_website_handoff_r4/source/history/v0.2-audit/response_errors.csv:467: trailing whitespace.
+2.325,1.2709581695626073e-17,1.620957894541127e-16,0.6635470791238527
unity_theory_website_handoff_r4/source/history/v0.2-audit/response_errors.csv:468: trailing whitespace.
+2.33,1.0212764788886707e-16,7.076261217226714e-18,0.6614205075450358
unity_theory_website_handoff_r4/source/history/v0.2-audit/response_errors.csv:469: trailing whitespace.
+2.335,1.2470858807300416e-17,1.177171096175407e-16,0.6593247330135796
unity_theory_website_handoff_r4/source/history/v0.2-audit/response_errors.csv:470: trailing whitespace.
+2.34,3.862656929354223e-19,7.884083858891315e-19,0.6572590552920456
unity_theory_website_handoff_r4/source/history/v0.2-audit/response_errors.csv:471: trailing whitespace.
+2.345,3.9485013942781163e-19,7.334240769671332e-18,0.6552227951443863
unity_theory_website_handoff_r4/source/history/v0.2-audit/response_errors.csv:472: trailing whitespace.
+2.35,1.2160406642883499e-17,1.4703321801291805e-17,0.6532152937248072
unity_theory_website_handoff_r4/source/history/v0.2-audit/response_errors.csv:473: trailing whitespace.
+2.355,1.2111420819249546e-17,1.1897186616478231e-16,0.6512359119592653
unity_theory_website_handoff_r4/source/history/v0.2-audit/response_errors.csv:474: trailing whitespace.
+2.36,9.568173753666556e-17,3.870537496364481e-16,0.649284029925498
unity_theory_website_handoff_r4/source/history/v0.2-audit/response_errors.csv:475: trailing whitespace.
+2.365,9.491302669549738e-17,1.744360709080834e-16,0.6473590462362958
unity_theory_website_handoff_r4/source/history/v0.2-audit/response_errors.csv:476: trailing whitespace.
+2.37,9.415549822795682e-17,1.7289222887617532e-16,0.6454603774297384
unity_theory_website_handoff_r4/source/history/v0.2-audit/response_errors.csv:477: trailing whitespace.
+2.375,1.1706863054066796e-17,1.7567775073634827e-16,0.6435874573693101
unity_theory_website_handoff_r4/source/history/v0.2-audit/response_errors.csv:478: trailing whitespace.
+2.38,1.1590899885305527e-17,1.738484330621999e-17,0.641739736656145
unity_theory_website_handoff_r4/source/history/v0.2-audit/response_errors.csv:479: trailing whitespace.
+2.3850000000000002,1.2699429825007914e-19,1.26739118533501e-16,0.6399166820551004
unity_theory_website_handoff_r4/source/history/v0.2-audit/response_errors.csv:480: trailing whitespace.
+2.39,9.124226863759608e-17,3.20253181765894e-16,0.6381177759359165
unity_theory_website_handoff_r4/source/history/v0.2-audit/response_errors.csv:481: trailing whitespace.
+2.395,1.1339689289115803e-17,1.2777125242610765e-16,0.6363425157303418
unity_theory_website_handoff_r4/source/history/v0.2-audit/response_errors.csv:482: trailing whitespace.
+2.4,6.447857853932479e-19,1.2889728467899766e-16,0.63459041340582
unity_theory_website_handoff_r4/source/history/v0.2-audit/response_errors.csv:483: trailing whitespace.
+2.4050000000000002,1.1148561922861783e-17,2.394144818241567e-16,0.6328609949560752
unity_theory_website_handoff_r4/source/history/v0.2-audit/response_errors.csv:484: trailing whitespace.
+2.41,8.849897243896875e-17,6.759056817776657e-17,0.6311537999087514
unity_theory_website_handoff_r4/source/history/v0.2-audit/response_errors.csv:485: trailing whitespace.
+2.415,4.1138093353764753e-19,1.3329613863709011e-16,0.6294683808500866
unity_theory_website_handoff_r4/source/history/v0.2-audit/response_errors.csv:486: trailing whitespace.
+2.42,1.5413129226171752e-17,2.830836324610912e-16,0.6278043029664995
unity_theory_website_handoff_r4/source/history/v0.2-audit/response_errors.csv:487: trailing whitespace.
+2.4250000000000003,1.523615200519257e-19,6.983473730491915e-17,0.6261611436028425
unity_theory_website_handoff_r4/source/history/v0.2-audit/response_errors.csv:488: trailing whitespace.
+2.43,5.17171498428279e-19,1.927479941730181e-16,0.6245384918370195
unity_theory_website_handoff_r4/source/history/v0.2-audit/response_errors.csv:489: trailing whitespace.
+2.435,5.461442020798332e-19,8.552053596072383e-18,0.6229359480705862
unity_theory_website_handoff_r4/source/history/v0.2-audit/response_errors.csv:490: trailing whitespace.
+2.44,1.6933804294553877e-16,1.6281632832271445e-16,0.6213531236349287
unity_theory_website_handoff_r4/source/history/v0.2-audit/response_errors.csv:491: trailing whitespace.
+2.445,8.40613972326513e-17,1.5540123251662245e-16,0.6197896404125647
unity_theory_website_handoff_r4/source/history/v0.2-audit/response_errors.csv:492: trailing whitespace.
+2.45,1.0432872739154632e-17,8.758010478896089e-18,0.6182451304730984
unity_theory_website_handoff_r4/source/history/v0.2-audit/response_errors.csv:493: trailing whitespace.
+2.455,1.4017135731941215e-19,1.4558237035749873e-16,0.6167192357233484
unity_theory_website_handoff_r4/source/history/v0.2-audit/response_errors.csv:494: trailing whitespace.
+2.46,1.884563372511867e-19,8.007543638350416e-17,0.6152116075711489
unity_theory_website_handoff_r4/source/history/v0.2-audit/response_errors.csv:495: trailing whitespace.
+2.465,1.9134325887341493e-19,3.228509856174808e-16,0.6137219066023364
unity_theory_website_handoff_r4/source/history/v0.2-audit/response_errors.csv:496: trailing whitespace.
+2.47,1.014767342897767e-17,7.506864766615408e-17,0.6122498022704275
unity_theory_website_handoff_r4/source/history/v0.2-audit/response_errors.csv:497: trailing whitespace.
+2.475,1.0410078308572747e-19,1.4748368109677546e-16,0.6107949725984994
unity_theory_website_handoff_r4/source/history/v0.2-audit/response_errors.csv:498: trailing whitespace.
+2.48,1.603677500768502e-16,7.691899368143046e-17,0.6093571038927944
unity_theory_website_handoff_r4/source/history/v0.2-audit/response_errors.csv:499: trailing whitespace.
+2.485,9.941340377926073e-18,1.656767134688589e-16,0.6079358904675809
unity_theory_website_handoff_r4/source/history/v0.2-audit/response_errors.csv:500: trailing whitespace.
+2.49,9.874133220866442e-18,7.809311320071275e-17,0.6065310343808148
unity_theory_website_handoff_r4/source/history/v0.2-audit/response_errors.csv:501: trailing whitespace.
+2.495,7.657066048724194e-20,7.797585677283558e-17,0.6051422451801554
unity_theory_website_handoff_r4/source/history/v0.2-audit/response_errors.csv:502: trailing whitespace.
+2.5,7.788248982331374e-17,7.580527241778922e-17,0.6037692396589062
unity_theory_website_handoff_r4/source/history/v0.2-audit/response_errors.csv:503: trailing whitespace.
+2.505,1.3619819222615754e-19,1.5273308778938352e-16,0.6024117416214666
unity_theory_website_handoff_r4/source/history/v0.2-audit/response_errors.csv:504: trailing whitespace.
+2.5100000000000002,9.608195401515364e-18,1.5504863658630696e-16,0.6010694816578921
unity_theory_website_handoff_r4/source/history/v0.2-audit/response_errors.csv:505: trailing whitespace.
+2.515,1.3496826213857406e-17,3.872969529222873e-16,0.5997421969271776
unity_theory_website_handoff_r4/source/history/v0.2-audit/response_errors.csv:506: trailing whitespace.
+2.52,7.643137819132617e-17,1.377484552201985e-17,0.598429630948892
unity_theory_website_handoff_r4/source/history/v0.2-audit/response_errors.csv:507: trailing whitespace.
+2.525,9.42115962411261e-18,1.57226348304744e-16,0.597131533402809
unity_theory_website_handoff_r4/source/history/v0.2-audit/response_errors.csv:508: trailing whitespace.
+2.5300000000000002,7.753714396152067e-20,2.237779895235821e-16,0.595847659936191
unity_theory_website_handoff_r4/source/history/v0.2-audit/response_errors.csv:509: trailing whitespace.
+2.535,9.29707382309427e-18,1.406888442673273e-17,0.5945777719783993
unity_theory_website_handoff_r4/source/history/v0.2-audit/response_errors.csv:510: trailing whitespace.
+2.54,1.3063306879800116e-17,8.396575297787525e-17,0.5933216365625144
unity_theory_website_handoff_r4/source/history/v0.2-audit/response_errors.csv:511: trailing whitespace.
+2.545,7.399618741311107e-17,1.614892087057751e-16,0.592079026153672
unity_theory_website_handoff_r4/source/history/v0.2-audit/response_errors.csv:512: trailing whitespace.
+2.5500000000000003,6.170293247258904e-20,8.142583772081464e-17,0.5908497184838212
unity_theory_website_handoff_r4/source/history/v0.2-audit/response_errors.csv:513: trailing whitespace.
+2.555,5.309868044584856e-20,1.639776410220177e-16,0.5896334963926334
unity_theory_website_handoff_r4/source/history/v0.2-audit/response_errors.csv:514: trailing whitespace.
+2.56,7.260240947675084e-17,7.252604338422591e-20,0.5884301476743007
unity_theory_website_handoff_r4/source/history/v0.2-audit/response_errors.csv:515: trailing whitespace.
+2.565,1.6008290220635333e-16,1.8578071506212144e-16,0.5872394649299704
unity_theory_website_handoff_r4/source/history/v0.2-audit/response_errors.csv:516: trailing whitespace.
+2.57,5.2108781842619737e-20,1.0440621759595828e-17,0.5860612454255806
unity_theory_website_handoff_r4/source/history/v0.2-audit/response_errors.csv:517: trailing whitespace.
+2.575,7.719838210852463e-20,3.0374711210292093e-16,0.584895290954862
unity_theory_website_handoff_r4/source/history/v0.2-audit/response_errors.csv:518: trailing whitespace.
+2.58,1.2422190615209215e-17,1.8956467728149752e-16,0.583741407707298
unity_theory_website_handoff_r4/source/history/v0.2-audit/response_errors.csv:519: trailing whitespace.
+2.585,8.730264588054181e-18,1.1908686688916716e-17,0.5825994061408226
unity_theory_website_handoff_r4/source/history/v0.2-audit/response_errors.csv:520: trailing whitespace.
+2.59,3.789393202397754e-20,1.7187827654780415e-16,0.5814691008590693
unity_theory_website_handoff_r4/source/history/v0.2-audit/response_errors.csv:521: trailing whitespace.
+2.595,6.952938110732297e-17,1.9433166337462287e-16,0.5803503104929729
unity_theory_website_handoff_r4/source/history/v0.2-audit/response_errors.csv:522: trailing whitespace.
+2.6,4.429557288643959e-20,1.7515495323499844e-16,0.57924285758655
unity_theory_website_handoff_r4/source/history/v0.2-audit/response_errors.csv:523: trailing whitespace.
+2.605,1.3632759380830814e-16,1.7535944484832513e-16,0.5781465684866797
unity_theory_website_handoff_r4/source/history/v0.2-audit/response_errors.csv:524: trailing whitespace.
+2.61,6.299018903626558e-20,8.820387396211258e-17,0.5770612732367244
unity_theory_website_handoff_r4/source/history/v0.2-audit/response_errors.csv:525: trailing whitespace.
+2.615,5.515345119816369e-20,9.132493522425707e-17,0.5759868054738311
unity_theory_website_handoff_r4/source/history/v0.2-audit/response_errors.csv:526: trailing whitespace.
+2.62,8.726471139705075e-20,3.2326937797581727e-16,0.5749230023297667
unity_theory_website_handoff_r4/source/history/v0.2-audit/response_errors.csv:527: trailing whitespace.
+2.625,8.320221314519637e-18,9.266299598579934e-17,0.5738697043351376
unity_theory_website_handoff_r4/source/history/v0.2-audit/response_errors.csv:528: trailing whitespace.
+2.63,1.3233722177747895e-16,1.1287480494167294e-17,0.5728267553268641
unity_theory_website_handoff_r4/source/history/v0.2-audit/response_errors.csv:529: trailing whitespace.
+2.6350000000000002,1.862414944136501e-16,9.086621698571407e-17,0.571794002358775
unity_theory_website_handoff_r4/source/history/v0.2-audit/response_errors.csv:530: trailing whitespace.
+2.64,4.5860855327949284e-20,9.143430923580292e-17,0.5707712956151997
unity_theory_website_handoff_r4/source/history/v0.2-audit/response_errors.csv:531: trailing whitespace.
+2.645,8.016120414599628e-20,1.311242322815205e-16,0.5697584883274368
unity_theory_website_handoff_r4/source/history/v0.2-audit/response_errors.csv:532: trailing whitespace.
+2.65,1.2929285970382713e-16,2.0996736014454986e-16,0.5687554366929889
unity_theory_website_handoff_r4/source/history/v0.2-audit/response_errors.csv:533: trailing whitespace.
+2.6550000000000002,1.288020324505738e-16,1.3236328520068688e-16,0.5677619997974515
unity_theory_website_handoff_r4/source/history/v0.2-audit/response_errors.csv:534: trailing whitespace.
+2.66,1.2831541166305015e-16,1.309656876630223e-17,0.5667780395389553
unity_theory_website_handoff_r4/source/history/v0.2-audit/response_errors.csv:535: trailing whitespace.
+2.665,1.3435488994856326e-20,1.3176412152748886e-17,0.565803420555061
unity_theory_website_handoff_r4/source/history/v0.2-audit/response_errors.csv:536: trailing whitespace.
+2.67,1.0907936146268994e-20,1.3427260622593418e-16,0.564838010152012
unity_theory_website_handoff_r4/source/history/v0.2-audit/response_errors.csv:537: trailing whitespace.
+2.6750000000000003,1.2590402781908617e-16,2.707546560532295e-16,0.5638816782362565
unity_theory_website_handoff_r4/source/history/v0.2-audit/response_errors.csv:538: trailing whitespace.
+2.68,3.4107058748203464e-20,2.1532269825466733e-16,0.56293429724815
unity_theory_website_handoff_r4/source/history/v0.2-audit/response_errors.csv:539: trailing whitespace.
+2.685,1.757239361659203e-16,2.1626995536901197e-16,0.5619957420977555
unity_theory_website_handoff_r4/source/history/v0.2-audit/response_errors.csv:540: trailing whitespace.
+2.69,7.722835459865385e-18,1.0086422153085646e-16,0.5610658901026652
unity_theory_website_handoff_r4/source/history/v0.2-audit/response_errors.csv:541: trailing whitespace.
+2.695,2.5980717949157932e-20,2.9339754640145527e-16,0.5601446209277644
unity_theory_website_handoff_r4/source/history/v0.2-audit/response_errors.csv:542: trailing whitespace.
+2.7,7.637713829210136e-18,1.396777682962456e-16,0.5592318165268675
unity_theory_website_handoff_r4/source/history/v0.2-audit/response_errors.csv:543: trailing whitespace.
+2.705,7.595679504714772e-18,3.148221824349311e-16,0.5583273610861549
unity_theory_website_handoff_r4/source/history/v0.2-audit/response_errors.csv:544: trailing whitespace.
+2.71,1.2133702997114375e-16,2.2278360449029945e-16,0.5574311409693455
unity_theory_website_handoff_r4/source/history/v0.2-audit/response_errors.csv:545: trailing whitespace.
+2.715,1.1600616503309159e-20,2.0051454695662647e-16,0.5565430446645432
unity_theory_website_handoff_r4/source/history/v0.2-audit/response_errors.csv:546: trailing whitespace.
+2.72,7.472350473723526e-18,1.736511925309356e-20,0.5556629627326902
unity_theory_website_handoff_r4/source/history/v0.2-audit/response_errors.csv:547: trailing whitespace.
+2.725,7.431844086344884e-18,1.0214937025338896e-16,0.5547907877575781
unity_theory_website_handoff_r4/source/history/v0.2-audit/response_errors.csv:548: trailing whitespace.
+2.73,1.1850001215579405e-16,1.0273222927751929e-16,0.5539264142973496
unity_theory_website_handoff_r4/source/history/v0.2-audit/response_errors.csv:549: trailing whitespace.
+2.735,5.573094134106816e-20,1.0232126516129416e-16,0.5530697388374498
unity_theory_website_handoff_r4/source/history/v0.2-audit/response_errors.csv:550: trailing whitespace.
+2.74,1.1700735719174697e-16,1.0626134782999956e-16,0.5522206597449636
unity_theory_website_handoff_r4/source/history/v0.2-audit/response_errors.csv:551: trailing whitespace.
+2.745,1.1683895993049495e-16,1.4860989585942758e-16,0.5513790772243004
unity_theory_website_handoff_r4/source/history/v0.2-audit/response_errors.csv:552: trailing whitespace.
+2.75,4.8441830206860456e-20,2.0973605655695996e-16,0.5505448932741699
unity_theory_website_handoff_r4/source/history/v0.2-audit/response_errors.csv:553: trailing whitespace.
+2.755,7.197408498521308e-18,1.046383960269091e-16,0.54971801164581
unity_theory_website_handoff_r4/source/history/v0.2-audit/response_errors.csv:554: trailing whitespace.
+2.7600000000000002,1.6200234191558196e-16,1.0542448937454343e-16,0.5488983378024224
unity_theory_website_handoff_r4/source/history/v0.2-audit/response_errors.csv:555: trailing whitespace.
+2.765,7.122098102836269e-18,2.1170438895662404e-16,0.5480857788797694
unity_theory_website_handoff_r4/source/history/v0.2-audit/response_errors.csv:556: trailing whitespace.
+2.77,1.585317827971084e-20,1.519097383041267e-16,0.5472802436478996
unity_theory_website_handoff_r4/source/history/v0.2-audit/response_errors.csv:557: trailing whitespace.
+2.775,3.832267731744292e-20,1.5200839598295054e-16,0.5464816424739566
unity_theory_website_handoff_r4/source/history/v0.2-audit/response_errors.csv:558: trailing whitespace.
+2.7800000000000002,7.011708687650814e-18,2.1614447941374772e-16,0.5456898872860383
unity_theory_website_handoff_r4/source/history/v0.2-audit/response_errors.csv:559: trailing whitespace.
+2.785,1.1182630204972183e-16,1.0834322533247391e-16,0.5449048915380711
unity_theory_website_handoff_r4/source/history/v0.2-audit/response_errors.csv:560: trailing whitespace.
+2.79,6.939715849531654e-18,1.5389873893084905e-16,0.5441265701756617
unity_theory_website_handoff_r4/source/history/v0.2-audit/response_errors.csv:561: trailing whitespace.
+2.795,3.8437530174912126e-20,1.114162041433288e-16,0.5433548396028983
unity_theory_website_handoff_r4/source/history/v0.2-audit/response_errors.csv:562: trailing whitespace.
+2.8000000000000003,1.2990028818035934e-20,1.5357267108866043e-17,0.5425896176500663
unity_theory_website_handoff_r4/source/history/v0.2-audit/response_errors.csv:563: trailing whitespace.
+2.805,1.668489249301666e-20,3.137619372218008e-16,0.541830823542249
unity_theory_website_handoff_r4/source/history/v0.2-audit/response_errors.csv:564: trailing whitespace.
+2.81,6.799590722902813e-18,2.499838607339215e-16,0.5410783778687851
unity_theory_website_handoff_r4/source/history/v0.2-audit/response_errors.csv:565: trailing whitespace.
+2.815,1.5842348911754553e-20,1.119210677994486e-16,0.5403322025535547
unity_theory_website_handoff_r4/source/history/v0.2-audit/response_errors.csv:566: trailing whitespace.
+2.82,1.079109089419923e-16,1.593847880104907e-16,0.5395922208260668
unity_theory_website_handoff_r4/source/history/v0.2-audit/response_errors.csv:567: trailing whitespace.
+2.825,1.1791297946906861e-20,7.884005669443728e-18,0.5388583571933212
unity_theory_website_handoff_r4/source/history/v0.2-audit/response_errors.csv:568: trailing whitespace.
+2.83,9.896685593365378e-21,1.610587035366646e-16,0.5381305374124227
unity_theory_website_handoff_r4/source/history/v0.2-audit/response_errors.csv:569: trailing whitespace.
+2.835,6.631110527135597e-18,1.1604774547958515e-16,0.5374086884639198
unity_theory_website_handoff_r4/source/history/v0.2-audit/response_errors.csv:570: trailing whitespace.
+2.84,1.0577831994616353e-16,1.6285460613634867e-16,0.5366927385258489
unity_theory_website_handoff_r4/source/history/v0.2-audit/response_errors.csv:571: trailing whitespace.
+2.845,1.3601554041954637e-20,1.1518913664721127e-16,0.535982616948459
unity_theory_website_handoff_r4/source/history/v0.2-audit/response_errors.csv:572: trailing whitespace.
+2.85,1.0453504923361741e-16,2.3257850569248266e-16,0.5352782542295954
unity_theory_website_handoff_r4/source/history/v0.2-audit/response_errors.csv:573: trailing whitespace.
+2.855,1.0402294897568276e-16,1.64939865788103e-16,0.5345795819907243
unity_theory_website_handoff_r4/source/history/v0.2-audit/response_errors.csv:574: trailing whitespace.
+2.86,1.3495386715302794e-20,1.171967065705042e-16,0.5338865329535746
unity_theory_website_handoff_r4/source/history/v0.2-audit/response_errors.csv:575: trailing whitespace.
+2.865,9.561077261514912e-21,1.6690733848109339e-16,0.5331990409173819
unity_theory_website_handoff_r4/source/history/v0.2-audit/response_errors.csv:576: trailing whitespace.
+2.87,6.407020832021313e-18,2.37381289887439e-16,0.5325170407367136
unity_theory_website_handoff_r4/source/history/v0.2-audit/response_errors.csv:577: trailing whitespace.
+2.875,9.017106552218723e-18,1.6814850318006375e-16,0.5318404682998563
unity_theory_website_handoff_r4/source/history/v0.2-audit/response_errors.csv:578: trailing whitespace.
+2.88,6.34535736661822e-18,2.6783879269602927e-16,0.5311692605077528
unity_theory_website_handoff_r4/source/history/v0.2-audit/response_errors.csv:579: trailing whitespace.
+2.8850000000000002,6.314930139431889e-18,1.2000654792163268e-16,0.5305033552534661
unity_theory_website_handoff_r4/source/history/v0.2-audit/response_errors.csv:580: trailing whitespace.
+2.89,1.0055524835483392e-16,1.7101803142651766e-16,0.5298426914021609
unity_theory_website_handoff_r4/source/history/v0.2-audit/response_errors.csv:581: trailing whitespace.
+2.895,1.0007596581012753e-16,1.2138114818000469e-16,0.5291872087715801
unity_theory_website_handoff_r4/source/history/v0.2-audit/response_errors.csv:582: trailing whitespace.
+2.9,1.4099395270424435e-16,1.2269167262302078e-16,0.528536848113009
unity_theory_website_handoff_r4/source/history/v0.2-audit/response_errors.csv:583: trailing whitespace.
+2.9050000000000002,1.403263981140397e-16,1.2288089035828807e-16,0.5278915510927056
unity_theory_website_handoff_r4/source/history/v0.2-audit/response_errors.csv:584: trailing whitespace.
+2.91,6.166348158402081e-18,2.751288164789416e-16,0.5272512602737895
unity_theory_website_handoff_r4/source/history/v0.2-audit/response_errors.csv:585: trailing whitespace.
+2.915,9.819715742982619e-17,1.2450844599350304e-16,0.5266159190985713
unity_theory_website_handoff_r4/source/history/v0.2-audit/response_errors.csv:586: trailing whitespace.
+2.92,1.38355634484987e-16,1.2535588460446505e-16,0.5259854718713108
unity_theory_website_handoff_r4/source/history/v0.2-audit/response_errors.csv:587: trailing whitespace.
+2.9250000000000003,6.120241840745705e-21,1.77114448783517e-16,0.5253598637413951
unity_theory_website_handoff_r4/source/history/v0.2-audit/response_errors.csv:588: trailing whitespace.
+2.93,9.701595249107751e-17,1.2541750437039057e-16,0.5247390406869171
unity_theory_website_handoff_r4/source/history/v0.2-audit/response_errors.csv:589: trailing whitespace.
+2.935,3.6022292434415385e-21,2.8209688007253814e-16,0.5241229494986519
unity_theory_website_handoff_r4/source/history/v0.2-audit/response_errors.csv:590: trailing whitespace.
+2.94,8.408882460027511e-21,1.270596707473603e-16,0.5235115377644104
unity_theory_website_handoff_r4/source/history/v0.2-audit/response_errors.csv:591: trailing whitespace.
+2.945,9.548898794327985e-17,1.2766811412485502e-16,0.5229047538537681
unity_theory_website_handoff_r4/source/history/v0.2-audit/response_errors.csv:592: trailing whitespace.
+2.95,1.6215368287991331e-21,1.8145545311581887e-16,0.5223025469031517
unity_theory_website_handoff_r4/source/history/v0.2-audit/response_errors.csv:593: trailing whitespace.
+2.955,5.913392033892024e-18,1.2844940008601742e-16,0.521704866801277
unity_theory_website_handoff_r4/source/history/v0.2-audit/response_errors.csv:594: trailing whitespace.
+2.96,9.436571598339302e-17,4.0310974356350104e-18,0.5211116641749267
unity_theory_website_handoff_r4/source/history/v0.2-audit/response_errors.csv:595: trailing whitespace.
+2.965,9.375296816727777e-17,1.8346686505174205e-16,0.5205228903750598
unity_theory_website_handoff_r4/source/history/v0.2-audit/response_errors.csv:596: trailing whitespace.
+2.97,1.7441117113761432e-21,1.8437508255889475e-16,0.5199384974632435
unity_theory_website_handoff_r4/source/history/v0.2-audit/response_errors.csv:597: trailing whitespace.
+2.975,4.3693838917633955e-21,1.8519456167216436e-16,0.5193584381983951
unity_theory_website_handoff_r4/source/history/v0.2-audit/response_errors.csv:598: trailing whitespace.
+2.98,9.248561188617876e-17,1.3175651635701503e-16,0.5187826660238315
unity_theory_website_handoff_r4/source/history/v0.2-audit/response_errors.csv:599: trailing whitespace.
+2.985,9.224921105546148e-17,3.746721410977251e-16,0.5182111350546117
unity_theory_website_handoff_r4/source/history/v0.2-audit/response_errors.csv:600: trailing whitespace.
+2.99,5.4166366601726184e-21,8.033483767384214e-21,0.5176438000651705
unity_theory_website_handoff_r4/source/history/v0.2-audit/response_errors.csv:601: trailing whitespace.
+2.995,1.290425393698433e-16,1.3437651988824014e-16,0.5170806164772275
unity_theory_website_handoff_r4/source/history/v0.2-audit/response_errors.csv:602: trailing whitespace.
+3.0,1.2859273307776452e-16,1.351904491568714e-16,0.5165215403479733
unity_theory_website_handoff_r4/source/project-notes/current-package-note.md:3: trailing whitespace.
+Source attachment title: `GPT 6.1 overview.txt`  
unity_theory_website_handoff_r4/source/project-notes/current-package-note.md:4: trailing whitespace.
+Source file ID: `file_0000000047a0820ab6beb4722417cd62`  
unity_theory_website_handoff_r4/source/project-notes/current-package-note.md:5: trailing whitespace.
+Read through Project Files: 1 October 2026.  
unity_theory_website_handoff_r4/source/project-notes/emergent-interaction-update-note.md:3: trailing whitespace.
+Source attachment title: `GPT 6.1 overview.txt`  
unity_theory_website_handoff_r4/source/project-notes/emergent-interaction-update-note.md:4: trailing whitespace.
+Source file ID: `file_000000008550820ab37191709b2c050d`  
unity_theory_website_handoff_r4/source/project-notes/emergent-interaction-update-note.md:5: trailing whitespace.
+Read through Project Files: 1 October 2026.  
